position,upperTier,lowerTier,upperCount,lowerCount,lastUpperPlayer,lastUpperPositionRank,lastUpperAdp,firstLowerPlayer,firstLowerPositionRank,firstLowerAdp,adpGap,intrinsicGap,situationGap,draftStrengthGap,upperInternalAdpSpread,lowerInternalAdpSpread,upperMaxInternalAdpGap,lowerMaxInternalAdpGap,flags
"QB","1","2","1","1","Josh Allen","1","25.89","Lamar Jackson","2","52.82","26.93","1.6295500000000018","6.5449999999999875","1.9253191014094568","0","0","0","0","SUPPORTED_BY_LARGE_ADP_GAP|SINGLE_PLAYER_TIER"
"QB","2","3","1","4","Lamar Jackson","2","52.82","Joe Burrow","3","67.12","14.300000000000004","0","-5.609999999999999","1.2327825473773046","0","9.810000000000002","0","5.390000000000001","SUPPORTED_BY_LARGE_ADP_GAP|SINGLE_PLAYER_TIER|MOSTLY_MARKET_DRIVEN"
"QB","3","4","4","5","Jalen Hurts","6","76.93","Caleb Williams","7","89.99","13.059999999999988","0","0.9350000000000023","0.6253268248453665","9.810000000000002","7.829999999999998","5.390000000000001","4.279999999999987","SUPPORTED_BY_LARGE_ADP_GAP|MOSTLY_MARKET_DRIVEN"
"QB","4","5","5","5","Justin Herbert","11","97.82","Patrick Mahomes","12","121.48","23.66000000000001","0","11.609000000000009","1.1609000000000052","7.829999999999998","6.540000000000006","4.279999999999987","4.570000000000007","SUPPORTED_BY_LARGE_ADP_GAP|MOSTLY_MARKET_DRIVEN"
"QB","5","6","5","3","Brock Purdy","16","128.02","Kyler Murray","17","142.37","14.349999999999994","0","0","-1.2432402372680542","6.540000000000006","9.189999999999998","4.570000000000007","8.110000000000014","SUPPORTED_BY_LARGE_ADP_GAP|LARGE_ADP_GAP_WITHOUT_TIER_BREAK|MOSTLY_MARKET_DRIVEN"
"QB","6","7","3","5","Tyler Shough","19","151.56","Jordan Love","20","165.41","13.849999999999994","0","2.805000000000007","1.5237402372680577","9.189999999999998","26.400000000000006","8.110000000000014","8.689999999999998","SUPPORTED_BY_LARGE_ADP_GAP|LARGE_INTERNAL_ADP_SPREAD|LARGE_ADP_GAP_WITHOUT_TIER_BREAK|MOSTLY_MARKET_DRIVEN"
"QB","7","8","5","5","C.J. Stroud","24","191.81","Daniel Jones","25","194.66","2.8499999999999943","0","-0.9350000000000023","-0.0934999999999988","26.400000000000006","9.390000000000015","8.689999999999998","4.5","LARGE_INTERNAL_ADP_SPREAD|LARGE_ADP_GAP_WITHOUT_TIER_BREAK"
"QB","8","9","5","1","Aaron Rodgers","29","204.05","J.J. McCarthy","30","263.04","58.99000000000001","3.7955000000000005","16.83","1.5208256277773273","9.390000000000015","0","4.5","0","SUPPORTED_BY_LARGE_ADP_GAP|SINGLE_PLAYER_TIER"
"RB","1","2","8","3","Chase Brown","8","12.56","Saquon Barkley","9","15.44","2.879999999999999","2.231774999999999","-8.414999999999992","-0.31032400415953276","11.24","1.7300000000000022","3.87","0.9500000000000011",""
"RB","2","3","3","8","Kenneth Walker III","11","17.17","Derrick Henry","12","21.72","4.549999999999997","2.231774999999999","0","5.703511456281348","1.7300000000000022","18.18","0.9500000000000011","4.329999999999998","LARGE_INTERNAL_ADP_SPREAD"
"RB","3","4","8","7","Travis Etienne","19","39.9","Bucky Irving","20","40.69","0.7899999999999991","0","-6.5449999999999875","-1.1757442663229156","18.18","15","4.329999999999998","3.719999999999999","VERY_SMALL_ADP_GAP|LARGE_INTERNAL_ADP_SPREAD"
"RB","4","5","7","8","Bhayshul Tuten","26","55.69","Jaylen Warren","27","66.23","10.540000000000006","-4.220000000000002","3.739999999999995","-1.510155733677088","15","15.209999999999994","3.719999999999999","5.510000000000005","SUPPORTED_BY_LARGE_ADP_GAP"
"RB","5","6","8","6","Chuba Hubbard","34","81.44","Jordan Mason","35","82.2","0.7600000000000051","0","4.311999999999998","-0.6613862391749947","15.209999999999994","11.959999999999994","5.510000000000005","8","VERY_SMALL_ADP_GAP|LARGE_ADP_GAP_WITHOUT_TIER_BREAK"
"RB","6","7","6","8","Kenneth Gainwell","40","94.16","Aaron Jones","41","110.25","16.090000000000003","0","-3.740000000000009","0.7185862391749964","11.959999999999994","19.75","8","5.489999999999995","SUPPORTED_BY_LARGE_ADP_GAP|LARGE_INTERNAL_ADP_SPREAD|LARGE_ADP_GAP_WITHOUT_TIER_BREAK|MOSTLY_MARKET_DRIVEN"
"RB","7","8","8","3","Tyler Allgeier","48","130","Isiah Pacheco","49","136.93","6.930000000000007","0","-1.2469999999999999","-1.7653099929924636","19.75","1.7099999999999795","5.489999999999995","1.5","LARGE_INTERNAL_ADP_SPREAD|MOSTLY_MARKET_DRIVEN"
"RB","8","9","3","8","Jonah Coleman","51","138.64","Tank Bigsby","52","152.63","13.990000000000009","0","-8.635999999999996","0.7770099929924612","1.7099999999999795","29.74000000000001","1.5","8.680000000000007","SUPPORTED_BY_LARGE_ADP_GAP|LARGE_INTERNAL_ADP_SPREAD|LARGE_ADP_GAP_WITHOUT_TIER_BREAK|MOSTLY_MARKET_DRIVEN"
"RB","9","10","8","8","Justice Hill","59","182.37","Ray Davis","60","190.73","8.359999999999985","0","-8.415000000000006","-0.8415000000000035","29.74000000000001","7.880000000000024","8.680000000000007","3.7900000000000205","SUPPORTED_BY_LARGE_ADP_GAP|LARGE_INTERNAL_ADP_SPREAD|LARGE_ADP_GAP_WITHOUT_TIER_BREAK|MOSTLY_MARKET_DRIVEN"
"RB","10","11","8","8","Emmett Johnson","67","198.61","Demond Claiborne","68","199.05","0.4399999999999977","0","9.350000000000001","0.9350000000000023","7.880000000000024","4.549999999999983","3.7900000000000205","1.4300000000000068","VERY_SMALL_ADP_GAP"
"RB","11","12","8","4","Kareem Hunt","75","203.6","Kaleb Johnson","76","206.09","2.490000000000009","0","3.1679999999999993","-1.3238099929924658","4.549999999999983","9.400000000000006","1.4300000000000068","6.219999999999999",""
"RB","12","13","4","1","DJ Giddens","79","215.49","Brashard Smith","80","312.8","97.31","4.290750000000003","13.454","3.791127500000009","9.400000000000006","0","6.219999999999999","0","SUPPORTED_BY_LARGE_ADP_GAP|SINGLE_PLAYER_TIER"
"WR","1","2","6","8","CeeDee Lamb","6","15.01","Drake London","7","20.97","5.959999999999999","3.7196249999999935","8.414999999999992","7.558986678443382","11.76","16.21","3.8100000000000005","4.490000000000002",""
"WR","2","3","8","8","Zay Flowers","14","37.18","D.J. Moore","15","38.39","1.2100000000000009","0","-1.8970000000000056","-0.18827309069078524","16.21","9","4.490000000000002","5.039999999999999",""
"WR","3","4","8","6","Tee Higgins","22","47.39","Jaylen Waddle","23","53.92","6.530000000000001","0","0","-1.0592095636254584","9","10.310000000000002","5.039999999999999","4.490000000000002","MOSTLY_MARKET_DRIVEN"
"WR","4","5","6","8","Mike Evans","28","64.23","Christian Watson","29","71.62","7.390000000000001","0","-0.1290000000000049","1.0463095636254565","10.310000000000002","9.789999999999992","4.490000000000002","3.819999999999993","MOSTLY_MARKET_DRIVEN"
"WR","5","6","8","2","Courtland Sutton","36","81.41","Chris Godwin","37","82.93","1.5200000000000102","0","6.5449999999999875","-0.6794936974069969","9.789999999999992","3.6199999999999903","3.819999999999993","3.6199999999999903",""
"WR","6","7","2","8","D.K. Metcalf","38","86.55","Jordyn Tyson","39","100.33","13.780000000000001","0","26.907999999999994","4.0247936974069916","3.6199999999999903","11.439999999999998","3.6199999999999903","3.3100000000000023","SUPPORTED_BY_LARGE_ADP_GAP|MOSTLY_MARKET_DRIVEN"
"WR","7","8","8","2","Jayden Reed","46","111.77","Makai Lemon","47","116.01","4.240000000000009","0","8.960000000000008","-0.4379936974069949","11.439999999999998","0.12999999999999545","3.3100000000000023","0.12999999999999545","MOSTLY_MARKET_DRIVEN"
"WR","8","9","2","7","Jakobi Meyers","48","116.14","Matthew Golden","49","129.93","13.790000000000006","4.149250000000002","0.9350000000000023","3.2596011246779","0.12999999999999545","9.23999999999998","0.12999999999999545","6.780000000000001","SUPPORTED_BY_LARGE_ADP_GAP"
"WR","9","10","7","8","Xavier Worthy","55","139.17","Jalen Coker","56","152.48","13.310000000000002","0","3.4029999999999916","0.8732650727290903","9.23999999999998","20.72","6.780000000000001","8.240000000000009","SUPPORTED_BY_LARGE_ADP_GAP|LARGE_INTERNAL_ADP_SPREAD|LARGE_ADP_GAP_WITHOUT_TIER_BREAK|MOSTLY_MARKET_DRIVEN"
"WR","10","11","8","8","Jerry Jeudy","63","173.2","Jauan Jennings","64","180.34","7.140000000000015","0","4.674999999999997","0.46750000000000114","20.72","11.909999999999997","8.240000000000009","6.3700000000000045","LARGE_INTERNAL_ADP_SPREAD|LARGE_ADP_GAP_WITHOUT_TIER_BREAK|MOSTLY_MARKET_DRIVEN"
"WR","11","12","8","8","Caleb Douglas","71","192.25","Zachariah Branch","72","192.56","0.3100000000000023","0","9.856000000000002","0.9856000000000051","11.909999999999997","7.650000000000006","6.3700000000000045","3.759999999999991","VERY_SMALL_ADP_GAP"
"WR","12","13","8","8","Jalen Tolbert","79","200.21","Germie Bernard","80","200.33","0.12000000000000455","0","1.8700000000000045","0.18700000000000472","7.650000000000006","10","3.759999999999991","4.430000000000007","VERY_SMALL_ADP_GAP"
"WR","13","14","8","3","Antonio Williams","87","210.33","Ryan Flournoy","88","212.71","2.3799999999999955","0","-18.051000000000002","-3.1390936974069987","10","4.400000000000006","4.430000000000007","3.1500000000000057",""
"WR","14","15","3","1","Tre' Harris","90","217.11","Pat Bryant","91","276.59","59.47999999999996","-0.14149999999999707","17.687999999999995","1.6881450000000058","4.400000000000006","0","3.1500000000000057","0","SUPPORTED_BY_LARGE_ADP_GAP|SINGLE_PLAYER_TIER|MOSTLY_MARKET_DRIVEN"
"WR","15","16","1","1","Pat Bryant","91","276.59","Jaylin Noel","92","292.55","15.960000000000036","-0.2830000000000048","2.8300000000000054","0.12169000000000096","0","0","0","0","SUPPORTED_BY_LARGE_ADP_GAP|SINGLE_PLAYER_TIER|MOSTLY_MARKET_DRIVEN"
"TE","1","2","2","1","Brock Bowers","2","23.38","Colston Loveland","3","47.99","24.610000000000003","3.861325000000001","-10.28500000000001","2.228553914526998","2.6899999999999977","0","2.6899999999999977","0","SUPPORTED_BY_LARGE_ADP_GAP|SINGLE_PLAYER_TIER"
"TE","2","3","1","1","Colston Loveland","3","47.99","Tyler Warren","4","56.28","8.29","0","8.726000000000013","1.3777200000000036","0","0","0","0","SUPPORTED_BY_LARGE_ADP_GAP|SINGLE_PLAYER_TIER|MOSTLY_MARKET_DRIVEN"
"TE","3","4","1","1","Tyler Warren","4","56.28","Harold Fannin Jr.","5","65.86","9.579999999999998","0","7.168999999999997","1.2220200000000006","0","0","0","0","SUPPORTED_BY_LARGE_ADP_GAP|SINGLE_PLAYER_TIER|MOSTLY_MARKET_DRIVEN"
"TE","4","5","1","1","Harold Fannin Jr.","5","65.86","Tucker Kraft","6","72.54","6.680000000000007","0","-7.168999999999997","-0.5813799999999958","0","0","0","0","SINGLE_PLAYER_TIER|MOSTLY_MARKET_DRIVEN"
"TE","5","6","1","5","Tucker Kraft","6","72.54","Kyle Pitts","7","85.34","12.799999999999997","0","0.6239999999999952","2.6139494065849433","0","23.179999999999993","0","8.570000000000007","SUPPORTED_BY_LARGE_ADP_GAP|SINGLE_PLAYER_TIER|LARGE_INTERNAL_ADP_SPREAD|LARGE_ADP_GAP_WITHOUT_TIER_BREAK|MOSTLY_MARKET_DRIVEN"
"TE","6","7","5","4","George Kittle","11","108.52","Jake Ferguson","12","120.91","12.39","0","-4.908000000000001","-0.8243151343160093","23.179999999999993","12.890000000000015","8.570000000000007","7.570000000000007","SUPPORTED_BY_LARGE_ADP_GAP|LARGE_INTERNAL_ADP_SPREAD|LARGE_ADP_GAP_WITHOUT_TIER_BREAK|MOSTLY_MARKET_DRIVEN"
"TE","7","8","4","1","Juwan Johnson","15","133.8","Dallas Goedert","16","146.25","12.449999999999989","0","-7.480000000000004","-2.694994272268943","12.890000000000015","0","7.570000000000007","0","SUPPORTED_BY_LARGE_ADP_GAP|SINGLE_PLAYER_TIER|MOSTLY_MARKET_DRIVEN"
"TE","8","9","1","5","Dallas Goedert","16","146.25","Chigoziem Okonkwo","17","166.55","20.30000000000001","0","4.674999999999997","2.883529406584948","0","10.149999999999977","0","3.530000000000001","SUPPORTED_BY_LARGE_ADP_GAP|SINGLE_PLAYER_TIER|MOSTLY_MARKET_DRIVEN"
"TE","9","10","5","5","Brenton Strange","21","176.7","Kenyon Sadiq","22","183.61","6.910000000000025","0","12.673999999999992","1.267400000000002","10.149999999999977","21.789999999999992","3.530000000000001","12.519999999999982","LARGE_INTERNAL_ADP_SPREAD|LARGE_ADP_GAP_WITHOUT_TIER_BREAK|MOSTLY_MARKET_DRIVEN"
"TE","10","11","5","5","Pat Freiermuth","26","205.4","Jake Tonges","27","207.85","2.4499999999999886","0","14.376999999999995","1.4377000000000066","21.789999999999992","7.75","12.519999999999982","5.019999999999982","LARGE_INTERNAL_ADP_SPREAD|LARGE_ADP_GAP_WITHOUT_TIER_BREAK"
