name,availability_status,health_score,injury,injury_summary,injury_source,injury_as_of,nffc_return_date,nffc_date_semantics,nffc_evidence_use,nffc_status,cbs_updated,cbs_status
Jahmyr Gibbs,NO_CURRENT_INJURY_FLAG,92,,No current injury flag found in the public CBS listing at retrieval.,https://www.cbssports.com/nfl/injuries/,2026-08-22T17:30:00Z,,RETURN_DATE_NOT_PUBLICATION,NONE,,,
Bijan Robinson,NO_CURRENT_INJURY_FLAG,92,,No current injury flag found in the public CBS listing at retrieval.,https://www.cbssports.com/nfl/injuries/,2026-08-22T17:30:00Z,,RETURN_DATE_NOT_PUBLICATION,NONE,,,
Ja'Marr Chase,NO_CURRENT_INJURY_FLAG,92,,No current injury flag found in the public CBS listing at retrieval.,https://www.cbssports.com/nfl/injuries/,2026-08-22T17:30:00Z,,RETURN_DATE_NOT_PUBLICATION,NONE,,,
Puka Nacua,QUESTIONABLE,68,Groin,"Groin; Questionable for Week 1 vs. San Francisco; CBS updated Thu, Aug 13; NFFC Return Date 8/22/2026 is non-publication metadata.",https://www.cbssports.com/nfl/injuries/,2026-08-22T17:30:00Z,8/22/2026,RETURN_DATE_NOT_PUBLICATION,NFFC_SECONDARY_CBS_PRIMARY,QUESTIONABLE Groin,"Thu, Aug 13",Groin; Questionable for Week 1 vs. San Francisco
Christian McCaffrey,QUESTIONABLE,62,Undisclosed,"Undisclosed; Questionable for Week 1 at L.A. Rams; CBS updated Fri, Aug 21; NFFC Return Date 8/27/2026 is non-publication metadata.",https://www.cbssports.com/nfl/injuries/,2026-08-22T17:30:00Z,8/27/2026,RETURN_DATE_NOT_PUBLICATION,FUTURE_RETURN_DATE_CORROBORATED_BY_CURRENT_CBS,QUESTIONABLE Undisclosed,"Fri, Aug 21",Undisclosed; Questionable for Week 1 at L.A. Rams
Jaxon Smith-Njigba,NO_CURRENT_INJURY_FLAG,92,,No current injury flag found in the public CBS listing at retrieval.,https://www.cbssports.com/nfl/injuries/,2026-08-22T17:30:00Z,,RETURN_DATE_NOT_PUBLICATION,NONE,,,
Jonathan Taylor,NO_CURRENT_INJURY_FLAG,92,,No current injury flag found in the public CBS listing at retrieval.,https://www.cbssports.com/nfl/injuries/,2026-08-22T17:30:00Z,,RETURN_DATE_NOT_PUBLICATION,NONE,,,
Ashton Jeanty,NO_CURRENT_INJURY_FLAG,92,,No current injury flag found in the public CBS listing at retrieval.,https://www.cbssports.com/nfl/injuries/,2026-08-22T17:30:00Z,,RETURN_DATE_NOT_PUBLICATION,NONE,,,
Amon-Ra St. Brown,NO_CURRENT_INJURY_FLAG,92,,No current injury flag found in the public CBS listing at retrieval.,https://www.cbssports.com/nfl/injuries/,2026-08-22T17:30:00Z,,RETURN_DATE_NOT_PUBLICATION,NONE,,,
James Cook,NO_CURRENT_INJURY_FLAG,92,,No current injury flag found in the public CBS listing at retrieval.,https://www.cbssports.com/nfl/injuries/,2026-08-22T17:30:00Z,,RETURN_DATE_NOT_PUBLICATION,NONE,,,
Devon Achane,NO_CURRENT_INJURY_FLAG,92,,No current injury flag found in the public CBS listing at retrieval.,https://www.cbssports.com/nfl/injuries/,2026-08-22T17:30:00Z,,RETURN_DATE_NOT_PUBLICATION,NONE,,,
Chase Brown,NO_CURRENT_INJURY_FLAG,92,,No current injury flag found in the public CBS listing at retrieval.,https://www.cbssports.com/nfl/injuries/,2026-08-22T17:30:00Z,,RETURN_DATE_NOT_PUBLICATION,NONE,,,
Justin Jefferson,NO_CURRENT_INJURY_FLAG,92,,No current injury flag found in the public CBS listing at retrieval.,https://www.cbssports.com/nfl/injuries/,2026-08-22T17:30:00Z,,RETURN_DATE_NOT_PUBLICATION,NONE,,,
CeeDee Lamb,NO_CURRENT_INJURY_FLAG,92,,No current injury flag found in the public CBS listing at retrieval.,https://www.cbssports.com/nfl/injuries/,2026-08-22T17:30:00Z,,RETURN_DATE_NOT_PUBLICATION,NONE,,,
Saquon Barkley,NO_CURRENT_INJURY_FLAG,92,,No current injury flag found in the public CBS listing at retrieval.,https://www.cbssports.com/nfl/injuries/,2026-08-22T17:30:00Z,,RETURN_DATE_NOT_PUBLICATION,NONE,,,
Omarion Hampton,NO_CURRENT_INJURY_FLAG,92,,No current injury flag found in the public CBS listing at retrieval.,https://www.cbssports.com/nfl/injuries/,2026-08-22T17:30:00Z,,RETURN_DATE_NOT_PUBLICATION,NONE,,,
Kenneth Walker III,NO_CURRENT_INJURY_FLAG,92,,No current injury flag found in the public CBS listing at retrieval.,https://www.cbssports.com/nfl/injuries/,2026-08-22T17:30:00Z,,RETURN_DATE_NOT_PUBLICATION,NONE,,,
Trey McBride,NO_CURRENT_INJURY_FLAG,92,,No current injury flag found in the public CBS listing at retrieval.,https://www.cbssports.com/nfl/injuries/,2026-08-22T17:30:00Z,,RETURN_DATE_NOT_PUBLICATION,NONE,,,
Drake London,NO_CURRENT_INJURY_FLAG,92,,No current injury flag found in the public CBS listing at retrieval.,https://www.cbssports.com/nfl/injuries/,2026-08-22T17:30:00Z,,RETURN_DATE_NOT_PUBLICATION,NONE,,,
Derrick Henry,NO_CURRENT_INJURY_FLAG,92,,No current injury flag found in the public CBS listing at retrieval.,https://www.cbssports.com/nfl/injuries/,2026-08-22T17:30:00Z,,RETURN_DATE_NOT_PUBLICATION,NONE,,,
A.J. Brown,NO_CURRENT_INJURY_FLAG,92,,No current injury flag found in the public CBS listing at retrieval.,https://www.cbssports.com/nfl/injuries/,2026-08-22T17:30:00Z,,RETURN_DATE_NOT_PUBLICATION,NONE,,,
Brock Bowers,NO_CURRENT_INJURY_FLAG,92,,No current injury flag found in the public CBS listing at retrieval.,https://www.cbssports.com/nfl/injuries/,2026-08-22T17:30:00Z,,RETURN_DATE_NOT_PUBLICATION,NONE,,,
George Pickens,NO_CURRENT_INJURY_FLAG,92,,No current injury flag found in the public CBS listing at retrieval.,https://www.cbssports.com/nfl/injuries/,2026-08-22T17:30:00Z,,RETURN_DATE_NOT_PUBLICATION,NONE,,,
Javonte Williams,NO_CURRENT_INJURY_FLAG,92,,No current injury flag found in the public CBS listing at retrieval.,https://www.cbssports.com/nfl/injuries/,2026-08-22T17:30:00Z,,RETURN_DATE_NOT_PUBLICATION,NONE,,,
Josh Allen,NO_CURRENT_INJURY_FLAG,92,,No current injury flag found in the public CBS listing at retrieval.,https://www.cbssports.com/nfl/injuries/,2026-08-22T17:30:00Z,,RETURN_DATE_NOT_PUBLICATION,NONE,,,
Chris Olave,NO_CURRENT_INJURY_FLAG,92,,No current injury flag found in the public CBS listing at retrieval.,https://www.cbssports.com/nfl/injuries/,2026-08-22T17:30:00Z,,RETURN_DATE_NOT_PUBLICATION,NONE,,,
Nico Collins,NO_CURRENT_INJURY_FLAG,92,,No current injury flag found in the public CBS listing at retrieval.,https://www.cbssports.com/nfl/injuries/,2026-08-22T17:30:00Z,,RETURN_DATE_NOT_PUBLICATION,NONE,,,
Jeremiyah Love,QUESTIONABLE,68,Ankle,"Ankle; Questionable for Week 1 at L.A. Chargers; CBS updated Thu, Aug 13; NFFC Return Date 8/22/2026 is non-publication metadata.",https://www.cbssports.com/nfl/injuries/,2026-08-22T17:30:00Z,8/22/2026,RETURN_DATE_NOT_PUBLICATION,NFFC_SECONDARY_CBS_PRIMARY,QUESTIONABLE Ankle,"Thu, Aug 13",Ankle; Questionable for Week 1 at L.A. Chargers
Malik Nabers,QUESTIONABLE,62,Knee - ACL,"Knee - ACL; Questionable for Week 1 vs. Dallas; CBS updated Tue, Aug 18; NFFC Return Date 8/28/2026 is non-publication metadata.",https://www.cbssports.com/nfl/injuries/,2026-08-22T17:30:00Z,8/28/2026,RETURN_DATE_NOT_PUBLICATION,FUTURE_RETURN_DATE_CORROBORATED_BY_CURRENT_CBS,QUESTIONABLE Knee - ACL,"Tue, Aug 18",Knee - ACL; Questionable for Week 1 vs. Dallas
Josh Jacobs,QUESTIONABLE,70,Groin,"Groin; Questionable for Week 1 at Minnesota; CBS updated Tue, Aug 11; NFFC Return Date 8/21/2026 is non-publication metadata.",https://www.cbssports.com/nfl/injuries/,2026-08-22T17:30:00Z,8/21/2026,RETURN_DATE_NOT_PUBLICATION,NFFC_SECONDARY_CBS_PRIMARY,QUESTIONABLE Groin,"Tue, Aug 11",Groin; Questionable for Week 1 at Minnesota
Kyren Williams,NO_CURRENT_INJURY_FLAG,92,,No current injury flag found in the public CBS listing at retrieval.,https://www.cbssports.com/nfl/injuries/,2026-08-22T17:30:00Z,,RETURN_DATE_NOT_PUBLICATION,NONE,,,
Breece Hall,QUESTIONABLE,68,Groin,Groin injury remains listed as questionable for Week 1; uncertainty is preserved.,https://www.cbssports.com/nfl/injuries/; https://www.fantasypros.com/2026/08/fantasy-football-injury-updates-breece-hall-kyle-monangai-jaylen-waddle-2026/,2026-08-22T17:30:00Z,8/28/2026,RETURN_DATE_NOT_PUBLICATION,NAMED_CASE_CURRENT_EXTERNAL_CORROBORATION,QUESTIONABLE Groin,"Mon, Aug 17",Groin; Questionable for Week 1 at Tennessee
Rashee Rice,NO_CURRENT_INJURY_FLAG,92,,No current injury flag found in the public CBS listing at retrieval.,https://www.cbssports.com/nfl/injuries/,2026-08-22T17:30:00Z,,RETURN_DATE_NOT_PUBLICATION,NONE,,,
Cam Skattebo,NO_CURRENT_INJURY_FLAG,92,,No current injury flag found in the public CBS listing at retrieval.,https://www.cbssports.com/nfl/injuries/,2026-08-22T17:30:00Z,,RETURN_DATE_NOT_PUBLICATION,NONE,,,
Zay Flowers,NO_CURRENT_INJURY_FLAG,92,,No current injury flag found in the public CBS listing at retrieval.,https://www.cbssports.com/nfl/injuries/,2026-08-22T17:30:00Z,,RETURN_DATE_NOT_PUBLICATION,NONE,,,
D.J. Moore,NO_CURRENT_INJURY_FLAG,92,,No current injury flag found in the public CBS listing at retrieval.,https://www.cbssports.com/nfl/injuries/,2026-08-22T17:30:00Z,,RETURN_DATE_NOT_PUBLICATION,NONE,,,
Emeka Egbuka,QUESTIONABLE,70,Toe,"Toe; Questionable for Week 1 at Cincinnati; CBS updated Mon, Aug 17; NFFC Return Date 8/28/2026 is non-publication metadata.",https://www.cbssports.com/nfl/injuries/,2026-08-22T17:30:00Z,8/28/2026,RETURN_DATE_NOT_PUBLICATION,FUTURE_RETURN_DATE_CORROBORATED_BY_CURRENT_CBS,QUESTIONABLE Toe,"Mon, Aug 17",Toe; Questionable for Week 1 at Cincinnati
DeVonta Smith,QUESTIONABLE,68,Hamstring,"Hamstring; Questionable for Week 1 vs. Washington; CBS updated Mon, Aug 10; NFFC Return Date 8/22/2026 is non-publication metadata.",https://www.cbssports.com/nfl/injuries/,2026-08-22T17:30:00Z,8/22/2026,RETURN_DATE_NOT_PUBLICATION,NFFC_SECONDARY_CBS_PRIMARY,QUESTIONABLE Hamstring,"Mon, Aug 10",Hamstring; Questionable for Week 1 vs. Washington
Travis Etienne,NO_CURRENT_INJURY_FLAG,92,,No current injury flag found in the public CBS listing at retrieval.,https://www.cbssports.com/nfl/injuries/,2026-08-22T17:30:00Z,,RETURN_DATE_NOT_PUBLICATION,NONE,,,
Bucky Irving,NO_CURRENT_INJURY_FLAG,92,,No current injury flag found in the public CBS listing at retrieval.,https://www.cbssports.com/nfl/injuries/,2026-08-22T17:30:00Z,,RETURN_DATE_NOT_PUBLICATION,NONE,,,
Quinshon Judkins,QUESTIONABLE,62,Undisclosed,"Undisclosed; Questionable for Week 1 at Jacksonville; CBS updated Sat, Aug 22; NFFC Return Date 8/27/2026 is non-publication metadata.",https://www.cbssports.com/nfl/injuries/,2026-08-22T17:30:00Z,8/27/2026,RETURN_DATE_NOT_PUBLICATION,FUTURE_RETURN_DATE_CORROBORATED_BY_CURRENT_CBS,QUESTIONABLE Undisclosed,"Sat, Aug 22",Undisclosed; Questionable for Week 1 at Jacksonville
Garrett Wilson,NO_CURRENT_INJURY_FLAG,92,,No current injury flag found in the public CBS listing at retrieval.,https://www.cbssports.com/nfl/injuries/,2026-08-22T17:30:00Z,,RETURN_DATE_NOT_PUBLICATION,NONE,,,
Tetairoa McMillan,NO_CURRENT_INJURY_FLAG,92,,No current injury flag found in the public CBS listing at retrieval.,https://www.cbssports.com/nfl/injuries/,2026-08-22T17:30:00Z,,RETURN_DATE_NOT_PUBLICATION,NONE,,,
Ladd McConkey,NO_CURRENT_INJURY_FLAG,92,,No current injury flag found in the public CBS listing at retrieval.,https://www.cbssports.com/nfl/injuries/,2026-08-22T17:30:00Z,,RETURN_DATE_NOT_PUBLICATION,NONE,,,
David Montgomery,NO_CURRENT_INJURY_FLAG,92,,No current injury flag found in the public CBS listing at retrieval.,https://www.cbssports.com/nfl/injuries/,2026-08-22T17:30:00Z,,RETURN_DATE_NOT_PUBLICATION,NONE,,,
Luther Burden III,QUESTIONABLE,60,Groin,"Groin; Questionable for Week 1 at Carolina; CBS updated Mon, Aug 10; NFFC Return Date 9/13/2026 is non-publication metadata.",https://www.cbssports.com/nfl/injuries/,2026-08-22T17:30:00Z,9/13/2026,RETURN_DATE_NOT_PUBLICATION,FUTURE_RETURN_DATE_CORROBORATED_BY_CURRENT_CBS,QUESTIONABLE Groin,"Mon, Aug 10",Groin; Questionable for Week 1 at Carolina
Tee Higgins,NO_CURRENT_INJURY_FLAG,92,,No current injury flag found in the public CBS listing at retrieval.,https://www.cbssports.com/nfl/injuries/,2026-08-22T17:30:00Z,,RETURN_DATE_NOT_PUBLICATION,NONE,,,
Colston Loveland,NO_CURRENT_INJURY_FLAG,92,,No current injury flag found in the public CBS listing at retrieval.,https://www.cbssports.com/nfl/injuries/,2026-08-22T17:30:00Z,,RETURN_DATE_NOT_PUBLICATION,NONE,,,
TreVeyon Henderson,NO_CURRENT_INJURY_FLAG,92,,No current injury flag found in the public CBS listing at retrieval.,https://www.cbssports.com/nfl/injuries/,2026-08-22T17:30:00Z,,RETURN_DATE_NOT_PUBLICATION,NONE,,,
D'Andre Swift,NO_CURRENT_INJURY_FLAG,92,,No current injury flag found in the public CBS listing at retrieval.,https://www.cbssports.com/nfl/injuries/,2026-08-22T17:30:00Z,,RETURN_DATE_NOT_PUBLICATION,NONE,,,
Jadarian Price,NO_CURRENT_INJURY_FLAG,92,,No current injury flag found in the public CBS listing at retrieval.,https://www.cbssports.com/nfl/injuries/,2026-08-22T17:30:00Z,,RETURN_DATE_NOT_PUBLICATION,NONE,,,
Lamar Jackson,NO_CURRENT_INJURY_FLAG,92,,No current injury flag found in the public CBS listing at retrieval.,https://www.cbssports.com/nfl/injuries/,2026-08-22T17:30:00Z,,RETURN_DATE_NOT_PUBLICATION,NONE,,,
Jaylen Waddle,NO_CURRENT_INJURY_FLAG,92,,No current injury flag found in the public CBS listing at retrieval.,https://www.cbssports.com/nfl/injuries/,2026-08-22T17:30:00Z,,RETURN_DATE_NOT_PUBLICATION,NONE,,,
Bhayshul Tuten,NO_CURRENT_INJURY_FLAG,92,,No current injury flag found in the public CBS listing at retrieval.,https://www.cbssports.com/nfl/injuries/,2026-08-22T17:30:00Z,,RETURN_DATE_NOT_PUBLICATION,NONE,,,
Tyler Warren,EXPECTED_WEEK1_READY,82,Groin / abductor strain,Short-term groin/abductor strain; public reporting expects a return in roughly a week and does not indicate a Week 1 threat.,https://www.nfl.com/news/nfl-news-roundup-latest-league-updates-from-wednesday-aug-19; https://www.fantasyalarm.com/articles/nfl/fantasy-football-draft-guide/2026-offseason-fantasy-football-injury-report/190980,2026-08-22T17:30:00Z,8/29/2026,RETURN_DATE_NOT_PUBLICATION,NAMED_CASE_CURRENT_EXTERNAL_CORROBORATION,QUESTIONABLE Groin,"Thu, Aug 20",Groin; Questionable for Week 1 vs. Baltimore
Terry McLaurin,NO_CURRENT_INJURY_FLAG,92,,No current injury flag found in the public CBS listing at retrieval.,https://www.cbssports.com/nfl/injuries/,2026-08-22T17:30:00Z,,RETURN_DATE_NOT_PUBLICATION,NONE,,,
Jameson Williams,NO_CURRENT_INJURY_FLAG,92,,No current injury flag found in the public CBS listing at retrieval.,https://www.cbssports.com/nfl/injuries/,2026-08-22T17:30:00Z,,RETURN_DATE_NOT_PUBLICATION,NONE,,,
Davante Adams,NO_CURRENT_INJURY_FLAG,92,,No current injury flag found in the public CBS listing at retrieval.,https://www.cbssports.com/nfl/injuries/,2026-08-22T17:30:00Z,,RETURN_DATE_NOT_PUBLICATION,NONE,,,
Rome Odunze,NO_CURRENT_INJURY_FLAG,92,,No current injury flag found in the public CBS listing at retrieval.,https://www.cbssports.com/nfl/injuries/,2026-08-22T17:30:00Z,,RETURN_DATE_NOT_PUBLICATION,NONE,,,
Mike Evans,QUESTIONABLE,68,Quadriceps,"Quadriceps; Questionable for Week 1 at L.A. Rams; CBS updated Fri, Aug 21; NFFC Return Date 8/27/2026 is non-publication metadata.",https://www.cbssports.com/nfl/injuries/,2026-08-22T17:30:00Z,8/27/2026,RETURN_DATE_NOT_PUBLICATION,FUTURE_RETURN_DATE_CORROBORATED_BY_CURRENT_CBS,QUESTIONABLE Quadriceps,"Fri, Aug 21",Quadriceps; Questionable for Week 1 at L.A. Rams
Harold Fannin Jr.,NO_CURRENT_INJURY_FLAG,92,,No current injury flag found in the public CBS listing at retrieval.,https://www.cbssports.com/nfl/injuries/,2026-08-22T17:30:00Z,,RETURN_DATE_NOT_PUBLICATION,NONE,,,
Jaylen Warren,NO_CURRENT_INJURY_FLAG,92,,No current injury flag found in the public CBS listing at retrieval.,https://www.cbssports.com/nfl/injuries/,2026-08-22T17:30:00Z,,RETURN_DATE_NOT_PUBLICATION,NONE,,,
Rico Dowdle,NO_CURRENT_INJURY_FLAG,92,,No current injury flag found in the public CBS listing at retrieval.,https://www.cbssports.com/nfl/injuries/,2026-08-22T17:30:00Z,,RETURN_DATE_NOT_PUBLICATION,NONE,,,
Joe Burrow,NO_CURRENT_INJURY_FLAG,92,,No current injury flag found in the public CBS listing at retrieval.,https://www.cbssports.com/nfl/injuries/,2026-08-22T17:30:00Z,,RETURN_DATE_NOT_PUBLICATION,NONE,,,
RJ Harvey,NO_CURRENT_INJURY_FLAG,92,,No current injury flag found in the public CBS listing at retrieval.,https://www.cbssports.com/nfl/injuries/,2026-08-22T17:30:00Z,,RETURN_DATE_NOT_PUBLICATION,NONE,,,
Drake Maye,NO_CURRENT_INJURY_FLAG,92,,No current injury flag found in the public CBS listing at retrieval.,https://www.cbssports.com/nfl/injuries/,2026-08-22T17:30:00Z,,RETURN_DATE_NOT_PUBLICATION,NONE,,,
Jayden Daniels,NO_CURRENT_INJURY_FLAG,92,,No current injury flag found in the public CBS listing at retrieval.,https://www.cbssports.com/nfl/injuries/,2026-08-22T17:30:00Z,,RETURN_DATE_NOT_PUBLICATION,NONE,,,
Christian Watson,NO_CURRENT_INJURY_FLAG,92,,No current injury flag found in the public CBS listing at retrieval.,https://www.cbssports.com/nfl/injuries/,2026-08-22T17:30:00Z,,RETURN_DATE_NOT_PUBLICATION,NONE,,,
Michael Wilson,NO_CURRENT_INJURY_FLAG,92,,No current injury flag found in the public CBS listing at retrieval.,https://www.cbssports.com/nfl/injuries/,2026-08-22T17:30:00Z,,RETURN_DATE_NOT_PUBLICATION,NONE,,,
Tucker Kraft,QUESTIONABLE,68,Knee - ACL,"Knee - ACL; Questionable for Week 1 at Minnesota; CBS updated Thu, Aug 13; NFFC Return Date 8/21/2026 is non-publication metadata.",https://www.cbssports.com/nfl/injuries/,2026-08-22T17:30:00Z,8/21/2026,RETURN_DATE_NOT_PUBLICATION,NFFC_SECONDARY_CBS_PRIMARY,QUESTIONABLE Knee - ACL,"Thu, Aug 13",Knee - ACL; Questionable for Week 1 at Minnesota
Parker Washington,QUESTIONABLE,70,Undisclosed,"Undisclosed; Questionable for Week 1 vs. Cleveland; CBS updated Fri, Aug 21; NFFC Return Date 8/28/2026 is non-publication metadata.",https://www.cbssports.com/nfl/injuries/,2026-08-22T17:30:00Z,8/28/2026,RETURN_DATE_NOT_PUBLICATION,FUTURE_RETURN_DATE_CORROBORATED_BY_CURRENT_CBS,QUESTIONABLE Undisclosed,"Fri, Aug 21",Undisclosed; Questionable for Week 1 vs. Cleveland
Rhamondre Stevenson,NO_CURRENT_INJURY_FLAG,92,,No current injury flag found in the public CBS listing at retrieval.,https://www.cbssports.com/nfl/injuries/,2026-08-22T17:30:00Z,,RETURN_DATE_NOT_PUBLICATION,NONE,,,
Tony Pollard,NO_CURRENT_INJURY_FLAG,92,,No current injury flag found in the public CBS listing at retrieval.,https://www.cbssports.com/nfl/injuries/,2026-08-22T17:30:00Z,,RETURN_DATE_NOT_PUBLICATION,NONE,,,
Wan'Dale Robinson,NO_CURRENT_INJURY_FLAG,92,,No current injury flag found in the public CBS listing at retrieval.,https://www.cbssports.com/nfl/injuries/,2026-08-22T17:30:00Z,,RETURN_DATE_NOT_PUBLICATION,NONE,,,
Jonathon Brooks,NO_CURRENT_INJURY_FLAG,92,,No current injury flag found in the public CBS listing at retrieval.,https://www.cbssports.com/nfl/injuries/,2026-08-22T17:30:00Z,,RETURN_DATE_NOT_PUBLICATION,NONE,,,
Jalen Hurts,NO_CURRENT_INJURY_FLAG,92,,No current injury flag found in the public CBS listing at retrieval.,https://www.cbssports.com/nfl/injuries/,2026-08-22T17:30:00Z,,RETURN_DATE_NOT_PUBLICATION,NONE,,,
Marvin Harrison Jr.,NO_CURRENT_INJURY_FLAG,92,,No current injury flag found in the public CBS listing at retrieval.,https://www.cbssports.com/nfl/injuries/,2026-08-22T17:30:00Z,,RETURN_DATE_NOT_PUBLICATION,NONE,,,
Brian Thomas Jr.,NO_CURRENT_INJURY_FLAG,92,,No current injury flag found in the public CBS listing at retrieval.,https://www.cbssports.com/nfl/injuries/,2026-08-22T17:30:00Z,,RETURN_DATE_NOT_PUBLICATION,NONE,,,
Carnell Tate,QUESTIONABLE,68,Undisclosed,"Undisclosed; Questionable for Week 1 vs. N.Y. Jets; CBS updated Mon, Aug 17; NFFC Return Date 8/23/2026 is non-publication metadata.",https://www.cbssports.com/nfl/injuries/,2026-08-22T17:30:00Z,8/23/2026,RETURN_DATE_NOT_PUBLICATION,FUTURE_RETURN_DATE_CORROBORATED_BY_CURRENT_CBS,QUESTIONABLE Undisclosed,"Mon, Aug 17",Undisclosed; Questionable for Week 1 vs. N.Y. Jets
J.K. Dobbins,NO_CURRENT_INJURY_FLAG,92,,No current injury flag found in the public CBS listing at retrieval.,https://www.cbssports.com/nfl/injuries/,2026-08-22T17:30:00Z,,RETURN_DATE_NOT_PUBLICATION,NONE,,,
Courtland Sutton,NO_CURRENT_INJURY_FLAG,92,,No current injury flag found in the public CBS listing at retrieval.,https://www.cbssports.com/nfl/injuries/,2026-08-22T17:30:00Z,,RETURN_DATE_NOT_PUBLICATION,NONE,,,
Chuba Hubbard,QUESTIONABLE,68,Hamstring,"Hamstring; Questionable for Week 1 vs. Chicago; CBS updated Thu, Aug 13; NFFC Return Date 9/13/2026 is non-publication metadata.",https://www.cbssports.com/nfl/injuries/,2026-08-22T17:30:00Z,9/13/2026,RETURN_DATE_NOT_PUBLICATION,FUTURE_RETURN_DATE_CORROBORATED_BY_CURRENT_CBS,QUESTIONABLE Hamstring,"Thu, Aug 13",Hamstring; Questionable for Week 1 vs. Chicago
Jordan Mason,NO_CURRENT_INJURY_FLAG,92,,No current injury flag found in the public CBS listing at retrieval.,https://www.cbssports.com/nfl/injuries/,2026-08-22T17:30:00Z,,RETURN_DATE_NOT_PUBLICATION,NONE,,,
Chris Godwin,NO_CURRENT_INJURY_FLAG,92,,No current injury flag found in the public CBS listing at retrieval.,https://www.cbssports.com/nfl/injuries/,2026-08-22T17:30:00Z,,RETURN_DATE_NOT_PUBLICATION,NONE,,,
Kyle Pitts,NO_CURRENT_INJURY_FLAG,92,,No current injury flag found in the public CBS listing at retrieval.,https://www.cbssports.com/nfl/injuries/,2026-08-22T17:30:00Z,,RETURN_DATE_NOT_PUBLICATION,NONE,,,
D.K. Metcalf,QUESTIONABLE,80,Undisclosed,"Undisclosed; Questionable for Week 1 vs. Atlanta; CBS updated Thu, Aug 13; NFFC Return Date 8/21/2026 is non-publication metadata.",https://www.cbssports.com/nfl/injuries/,2026-08-22T17:30:00Z,8/21/2026,RETURN_DATE_NOT_PUBLICATION,NFFC_SECONDARY_CBS_PRIMARY,QUESTIONABLE Undisclosed,"Thu, Aug 13",Undisclosed; Questionable for Week 1 vs. Atlanta
Sam LaPorta,QUESTIONABLE,64,Hip,Hip injury remains listed as questionable for Week 1; no firmer recovery claim is made.,https://www.cbssports.com/nfl/injuries/; https://nfc.shgn.com/sportinjuries/football,2026-08-22T17:30:00Z,8/29/2026,RETURN_DATE_NOT_PUBLICATION,NAMED_CASE_CURRENT_EXTERNAL_CORROBORATION,QUESTIONABLE Hip,"Thu, Aug 20",Hip; Questionable for Week 1 vs. New Orleans
Caleb Williams,NO_CURRENT_INJURY_FLAG,92,,No current injury flag found in the public CBS listing at retrieval.,https://www.cbssports.com/nfl/injuries/,2026-08-22T17:30:00Z,,RETURN_DATE_NOT_PUBLICATION,NONE,,,
Blake Corum,NO_CURRENT_INJURY_FLAG,92,,No current injury flag found in the public CBS listing at retrieval.,https://www.cbssports.com/nfl/injuries/,2026-08-22T17:30:00Z,,RETURN_DATE_NOT_PUBLICATION,NONE,,,
Kyle Monangai,QUESTIONABLE,55,Knee,"Knee; Questionable for Week 1 at Carolina; CBS updated Mon, Aug 17; NFFC Return Date 9/13/2026 is non-publication metadata.",https://www.cbssports.com/nfl/injuries/,2026-08-22T17:30:00Z,9/13/2026,RETURN_DATE_NOT_PUBLICATION,FUTURE_RETURN_DATE_CORROBORATED_BY_CURRENT_CBS,QUESTIONABLE Knee,"Mon, Aug 17",Knee; Questionable for Week 1 at Carolina
Dak Prescott,NO_CURRENT_INJURY_FLAG,92,,No current injury flag found in the public CBS listing at retrieval.,https://www.cbssports.com/nfl/injuries/,2026-08-22T17:30:00Z,,RETURN_DATE_NOT_PUBLICATION,NONE,,,
Rachaad White,QUESTIONABLE,65,Hamstring,"Hamstring; Questionable for Week 1 at Philadelphia; CBS updated Wed, Aug 19; NFFC Return Date 8/28/2026 is non-publication metadata.",https://www.cbssports.com/nfl/injuries/,2026-08-22T17:30:00Z,8/28/2026,RETURN_DATE_NOT_PUBLICATION,FUTURE_RETURN_DATE_CORROBORATED_BY_CURRENT_CBS,QUESTIONABLE Hamstring,"Wed, Aug 19",Hamstring; Questionable for Week 1 at Philadelphia
Jacory Croskey-Merritt,QUESTIONABLE,68,Undisclosed,"Undisclosed; Questionable for Week 1 at Philadelphia; CBS updated Sat, Aug 22; NFFC Return Date 8/28/2026 is non-publication metadata.",https://www.cbssports.com/nfl/injuries/,2026-08-22T17:30:00Z,8/28/2026,RETURN_DATE_NOT_PUBLICATION,FUTURE_RETURN_DATE_CORROBORATED_BY_CURRENT_CBS,QUESTIONABLE Undisclosed,"Sat, Aug 22",Undisclosed; Questionable for Week 1 at Philadelphia
Jaxson Dart,NO_CURRENT_INJURY_FLAG,92,,No current injury flag found in the public CBS listing at retrieval.,https://www.cbssports.com/nfl/injuries/,2026-08-22T17:30:00Z,,RETURN_DATE_NOT_PUBLICATION,NONE,,,
Trevor Lawrence,NO_CURRENT_INJURY_FLAG,92,,No current injury flag found in the public CBS listing at retrieval.,https://www.cbssports.com/nfl/injuries/,2026-08-22T17:30:00Z,,RETURN_DATE_NOT_PUBLICATION,NONE,,,
Kenneth Gainwell,NO_CURRENT_INJURY_FLAG,92,,No current injury flag found in the public CBS listing at retrieval.,https://www.cbssports.com/nfl/injuries/,2026-08-22T17:30:00Z,,RETURN_DATE_NOT_PUBLICATION,NONE,,,
Isaiah Likely,NO_CURRENT_INJURY_FLAG,92,,No current injury flag found in the public CBS listing at retrieval.,https://www.cbssports.com/nfl/injuries/,2026-08-22T17:30:00Z,,RETURN_DATE_NOT_PUBLICATION,NONE,,,
Justin Herbert,NO_CURRENT_INJURY_FLAG,92,,No current injury flag found in the public CBS listing at retrieval.,https://www.cbssports.com/nfl/injuries/,2026-08-22T17:30:00Z,,RETURN_DATE_NOT_PUBLICATION,NONE,,,
Jordyn Tyson,DOUBTFUL,38,Hamstring,"Hamstring; Doubtful; CBS updated Mon, Aug 17; NFFC Return Date 10/18/2026 is non-publication metadata.",https://www.cbssports.com/nfl/injuries/,2026-08-22T17:30:00Z,10/18/2026,RETURN_DATE_NOT_PUBLICATION,FUTURE_RETURN_DATE_CORROBORATED_BY_CURRENT_CBS,DOUBTFUL Hamstring,"Mon, Aug 17",Hamstring; Doubtful
Alec Pierce,PUP_EXPECTED_WEEK1,62,Ankle,"Ankle; Physically Unable to Perform. Expected Return - Week 1; CBS updated Tue, Aug 11; NFFC Return Date 8/29/2026 is non-publication metadata.",https://www.cbssports.com/nfl/injuries/,2026-08-22T17:30:00Z,8/29/2026,RETURN_DATE_NOT_PUBLICATION,FUTURE_RETURN_DATE_CORROBORATED_BY_CURRENT_CBS,PUP-P Ankle,"Tue, Aug 11",Ankle; Physically Unable to Perform. Expected Return - Week 1
Michael Pittman Jr.,QUESTIONABLE,72,Hamstring,"Hamstring; Questionable for Week 1 vs. Atlanta; CBS updated Wed, Aug 19; NFFC Return Date 8/21/2026 is non-publication metadata.",https://www.cbssports.com/nfl/injuries/,2026-08-22T17:30:00Z,8/21/2026,RETURN_DATE_NOT_PUBLICATION,NFFC_SECONDARY_CBS_PRIMARY,QUESTIONABLE Hamstring,"Wed, Aug 19",Hamstring; Questionable for Week 1 vs. Atlanta
Travis Kelce,NO_CURRENT_INJURY_FLAG,92,,No current injury flag found in the public CBS listing at retrieval.,https://www.cbssports.com/nfl/injuries/,2026-08-22T17:30:00Z,,RETURN_DATE_NOT_PUBLICATION,NONE,,,
Josh Downs,NO_CURRENT_INJURY_FLAG,92,,No current injury flag found in the public CBS listing at retrieval.,https://www.cbssports.com/nfl/injuries/,2026-08-22T17:30:00Z,,RETURN_DATE_NOT_PUBLICATION,NONE,,,
Stefon Diggs,NO_CURRENT_INJURY_FLAG,92,,No current injury flag found in the public CBS listing at retrieval.,https://www.cbssports.com/nfl/injuries/,2026-08-22T17:30:00Z,,RETURN_DATE_NOT_PUBLICATION,NONE,,,
Quentin Johnston,QUESTIONABLE,70,Lower Body,"Lower Body; Questionable for Week 1 vs. Arizona; CBS updated Fri, Aug 21; NFFC Return Date 8/27/2026 is non-publication metadata.",https://www.cbssports.com/nfl/injuries/,2026-08-22T17:30:00Z,8/27/2026,RETURN_DATE_NOT_PUBLICATION,FUTURE_RETURN_DATE_CORROBORATED_BY_CURRENT_CBS,QUESTIONABLE Lower Body,"Fri, Aug 21",Lower Body; Questionable for Week 1 vs. Arizona
Jordan Addison,NO_CURRENT_INJURY_FLAG,92,,No current injury flag found in the public CBS listing at retrieval.,https://www.cbssports.com/nfl/injuries/,2026-08-22T17:30:00Z,,RETURN_DATE_NOT_PUBLICATION,NONE,,,
George Kittle,PUP_EXPECTED_WEEK1,60,Achilles,"Achilles; Physically Unable to Perform. Expected Return - Week 1; CBS updated Sun, Jul 26; NFFC Return Date 9/10/2026 is non-publication metadata.",https://www.cbssports.com/nfl/injuries/,2026-08-22T17:30:00Z,9/10/2026,RETURN_DATE_NOT_PUBLICATION,FUTURE_RETURN_DATE_CORROBORATED_BY_CURRENT_CBS,PUP-P Achilles,"Sun, Jul 26",Achilles; Physically Unable to Perform. Expected Return - Week 1
Aaron Jones,NO_CURRENT_INJURY_FLAG,92,,No current injury flag found in the public CBS listing at retrieval.,https://www.cbssports.com/nfl/injuries/,2026-08-22T17:30:00Z,,RETURN_DATE_NOT_PUBLICATION,NONE,,,
Woody Marks,NO_CURRENT_INJURY_FLAG,92,,No current injury flag found in the public CBS listing at retrieval.,https://www.cbssports.com/nfl/injuries/,2026-08-22T17:30:00Z,,RETURN_DATE_NOT_PUBLICATION,NONE,,,
Jayden Reed,NO_CURRENT_INJURY_FLAG,92,,No current injury flag found in the public CBS listing at retrieval.,https://www.cbssports.com/nfl/injuries/,2026-08-22T17:30:00Z,,RETURN_DATE_NOT_PUBLICATION,NONE,,,
Brandon Aubrey,NO_CURRENT_INJURY_FLAG,92,,No current injury flag found in the public CBS listing at retrieval.,https://www.cbssports.com/nfl/injuries/,2026-08-22T17:30:00Z,,RETURN_DATE_NOT_PUBLICATION,NONE,,,
Makai Lemon,QUESTIONABLE,62,Hamstring,"Hamstring; Questionable for Week 1 vs. Washington; CBS updated Tue, Aug 11; NFFC Return Date 8/22/2026 is non-publication metadata.",https://www.cbssports.com/nfl/injuries/,2026-08-22T17:30:00Z,8/22/2026,RETURN_DATE_NOT_PUBLICATION,NFFC_SECONDARY_CBS_PRIMARY,QUESTIONABLE Hamstring,"Tue, Aug 11",Hamstring; Questionable for Week 1 vs. Washington
Jakobi Meyers,QUESTIONABLE,68,Hand,"Hand; Questionable for Week 1 vs. Cleveland; CBS updated Fri, Aug 21; NFFC Return Date 8/28/2026 is non-publication metadata.",https://www.cbssports.com/nfl/injuries/,2026-08-22T17:30:00Z,8/28/2026,RETURN_DATE_NOT_PUBLICATION,FUTURE_RETURN_DATE_CORROBORATED_BY_CURRENT_CBS,QUESTIONABLE Hand,"Fri, Aug 21",Hand; Questionable for Week 1 vs. Cleveland
Tyrone Tracy Jr.,NO_CURRENT_INJURY_FLAG,92,,No current injury flag found in the public CBS listing at retrieval.,https://www.cbssports.com/nfl/injuries/,2026-08-22T17:30:00Z,,RETURN_DATE_NOT_PUBLICATION,NONE,,,
Zach Charbonnet,PUP_EXPECTED_WEEK1,58,Knee - ACL,"Knee - ACL; Physically Unable to Perform. Expected Return - Week 1; CBS updated Thu, Jul 23; NFFC Return Date 9/9/2026 is non-publication metadata.",https://www.cbssports.com/nfl/injuries/,2026-08-22T17:30:00Z,9/9/2026,RETURN_DATE_NOT_PUBLICATION,FUTURE_RETURN_DATE_CORROBORATED_BY_CURRENT_CBS,PUP-P Knee - ACL,"Thu, Jul 23",Knee - ACL; Physically Unable to Perform. Expected Return - Week 1
Jake Ferguson,NO_CURRENT_INJURY_FLAG,92,,No current injury flag found in the public CBS listing at retrieval.,https://www.cbssports.com/nfl/injuries/,2026-08-22T17:30:00Z,,RETURN_DATE_NOT_PUBLICATION,NONE,,,
Patrick Mahomes,QUESTIONABLE,60,Knee - ACL,"Knee - ACL; Questionable for Week 1 vs. Denver; CBS updated Thu, Aug 20; NFFC Return Date 8/28/2026 is non-publication metadata.",https://www.cbssports.com/nfl/injuries/,2026-08-22T17:30:00Z,8/28/2026,RETURN_DATE_NOT_PUBLICATION,FUTURE_RETURN_DATE_CORROBORATED_BY_CURRENT_CBS,QUESTIONABLE Knee - ACL,"Thu, Aug 20",Knee - ACL; Questionable for Week 1 vs. Denver
Bo Nix,NO_CURRENT_INJURY_FLAG,92,,No current injury flag found in the public CBS listing at retrieval.,https://www.cbssports.com/nfl/injuries/,2026-08-22T17:30:00Z,,RETURN_DATE_NOT_PUBLICATION,NONE,,,
Tyjae Spears,NO_CURRENT_INJURY_FLAG,92,,No current injury flag found in the public CBS listing at retrieval.,https://www.cbssports.com/nfl/injuries/,2026-08-22T17:30:00Z,,RETURN_DATE_NOT_PUBLICATION,NONE,,,
Matthew Stafford,NO_CURRENT_INJURY_FLAG,92,,No current injury flag found in the public CBS listing at retrieval.,https://www.cbssports.com/nfl/injuries/,2026-08-22T17:30:00Z,,RETURN_DATE_NOT_PUBLICATION,NONE,,,
Jared Goff,NO_CURRENT_INJURY_FLAG,92,,No current injury flag found in the public CBS listing at retrieval.,https://www.cbssports.com/nfl/injuries/,2026-08-22T17:30:00Z,,RETURN_DATE_NOT_PUBLICATION,NONE,,,
Mark Andrews,NO_CURRENT_INJURY_FLAG,92,,No current injury flag found in the public CBS listing at retrieval.,https://www.cbssports.com/nfl/injuries/,2026-08-22T17:30:00Z,,RETURN_DATE_NOT_PUBLICATION,NONE,,,
Alvin Kamara,QUESTIONABLE,58,Knee - MCL,"Knee - MCL; Questionable for Week 1 at Detroit; CBS updated Wed, Aug 19; NFFC Return Date 9/13/2026 is non-publication metadata.",https://www.cbssports.com/nfl/injuries/,2026-08-22T17:30:00Z,9/13/2026,RETURN_DATE_NOT_PUBLICATION,FUTURE_RETURN_DATE_CORROBORATED_BY_CURRENT_CBS,QUESTIONABLE Knee - MCL,"Wed, Aug 19",Knee - MCL; Questionable for Week 1 at Detroit
Chris Rodriguez Jr.,NO_CURRENT_INJURY_FLAG,92,,No current injury flag found in the public CBS listing at retrieval.,https://www.cbssports.com/nfl/injuries/,2026-08-22T17:30:00Z,,RETURN_DATE_NOT_PUBLICATION,NONE,,,
Brock Purdy,NO_CURRENT_INJURY_FLAG,92,,No current injury flag found in the public CBS listing at retrieval.,https://www.cbssports.com/nfl/injuries/,2026-08-22T17:30:00Z,,RETURN_DATE_NOT_PUBLICATION,NONE,,,
Houston Texans,NO_CURRENT_INJURY_FLAG,92,,No current injury flag found in the public CBS listing at retrieval.,https://www.cbssports.com/nfl/injuries/,2026-08-22T17:30:00Z,,RETURN_DATE_NOT_PUBLICATION,NONE,,,
Matthew Golden,NO_CURRENT_INJURY_FLAG,92,,No current injury flag found in the public CBS listing at retrieval.,https://www.cbssports.com/nfl/injuries/,2026-08-22T17:30:00Z,,RETURN_DATE_NOT_PUBLICATION,NONE,,,
Tyler Allgeier,NO_CURRENT_INJURY_FLAG,92,,No current injury flag found in the public CBS listing at retrieval.,https://www.cbssports.com/nfl/injuries/,2026-08-22T17:30:00Z,,RETURN_DATE_NOT_PUBLICATION,NONE,,,
Deebo Samuel,NO_CURRENT_INJURY_FLAG,92,,No current injury flag found in the public CBS listing at retrieval.,https://www.cbssports.com/nfl/injuries/,2026-08-22T17:30:00Z,,RETURN_DATE_NOT_PUBLICATION,NONE,,,
Romeo Doubs,NO_CURRENT_INJURY_FLAG,92,,No current injury flag found in the public CBS listing at retrieval.,https://www.cbssports.com/nfl/injuries/,2026-08-22T17:30:00Z,,RETURN_DATE_NOT_PUBLICATION,NONE,,,
Dalton Kincaid,NO_CURRENT_INJURY_FLAG,92,,No current injury flag found in the public CBS listing at retrieval.,https://www.cbssports.com/nfl/injuries/,2026-08-22T17:30:00Z,,RETURN_DATE_NOT_PUBLICATION,NONE,,,
KC Concepcion,NO_CURRENT_INJURY_FLAG,92,,No current injury flag found in the public CBS listing at retrieval.,https://www.cbssports.com/nfl/injuries/,2026-08-22T17:30:00Z,,RETURN_DATE_NOT_PUBLICATION,NONE,,,
Rashid Shaheed,NO_CURRENT_INJURY_FLAG,92,,No current injury flag found in the public CBS listing at retrieval.,https://www.cbssports.com/nfl/injuries/,2026-08-22T17:30:00Z,,RETURN_DATE_NOT_PUBLICATION,NONE,,,
De'Zhaun Stribling,NO_CURRENT_INJURY_FLAG,92,,No current injury flag found in the public CBS listing at retrieval.,https://www.cbssports.com/nfl/injuries/,2026-08-22T17:30:00Z,,RETURN_DATE_NOT_PUBLICATION,NONE,,,
Juwan Johnson,NO_CURRENT_INJURY_FLAG,92,,No current injury flag found in the public CBS listing at retrieval.,https://www.cbssports.com/nfl/injuries/,2026-08-22T17:30:00Z,,RETURN_DATE_NOT_PUBLICATION,NONE,,,
Isiah Pacheco,QUESTIONABLE,60,Knee - MCL,"Knee - MCL; Questionable for Week 1 vs. New Orleans; CBS updated Mon, Aug 10; NFFC Return Date 9/13/2026 is non-publication metadata.",https://www.cbssports.com/nfl/injuries/,2026-08-22T17:30:00Z,9/13/2026,RETURN_DATE_NOT_PUBLICATION,FUTURE_RETURN_DATE_CORROBORATED_BY_CURRENT_CBS,QUESTIONABLE Knee - MCL,"Mon, Aug 10",Knee - MCL; Questionable for Week 1 vs. New Orleans
Keaton Mitchell,NO_CURRENT_INJURY_FLAG,92,,No current injury flag found in the public CBS listing at retrieval.,https://www.cbssports.com/nfl/injuries/,2026-08-22T17:30:00Z,,RETURN_DATE_NOT_PUBLICATION,NONE,,,
Los Angeles Rams,NO_CURRENT_INJURY_FLAG,92,,No current injury flag found in the public CBS listing at retrieval.,https://www.cbssports.com/nfl/injuries/,2026-08-22T17:30:00Z,,RETURN_DATE_NOT_PUBLICATION,NONE,,,
Jonah Coleman,NO_CURRENT_INJURY_FLAG,92,,No current injury flag found in the public CBS listing at retrieval.,https://www.cbssports.com/nfl/injuries/,2026-08-22T17:30:00Z,,RETURN_DATE_NOT_PUBLICATION,NONE,,,
Xavier Worthy,QUESTIONABLE,68,Shoulder,"Shoulder; Questionable for Week 1 vs. Denver; CBS updated Sat, Aug 15; NFFC Return Date 8/22/2026 is non-publication metadata.",https://www.cbssports.com/nfl/injuries/,2026-08-22T17:30:00Z,8/22/2026,RETURN_DATE_NOT_PUBLICATION,NFFC_SECONDARY_CBS_PRIMARY,QUESTIONABLE Shoulder,"Sat, Aug 15",Shoulder; Questionable for Week 1 vs. Denver
Kyler Murray,NO_CURRENT_INJURY_FLAG,92,,No current injury flag found in the public CBS listing at retrieval.,https://www.cbssports.com/nfl/injuries/,2026-08-22T17:30:00Z,,RETURN_DATE_NOT_PUBLICATION,NONE,,,
Denver Broncos,NO_CURRENT_INJURY_FLAG,92,,No current injury flag found in the public CBS listing at retrieval.,https://www.cbssports.com/nfl/injuries/,2026-08-22T17:30:00Z,,RETURN_DATE_NOT_PUBLICATION,NONE,,,
Baker Mayfield,NO_CURRENT_INJURY_FLAG,92,,No current injury flag found in the public CBS listing at retrieval.,https://www.cbssports.com/nfl/injuries/,2026-08-22T17:30:00Z,,RETURN_DATE_NOT_PUBLICATION,NONE,,,
Dallas Goedert,NO_CURRENT_INJURY_FLAG,92,,No current injury flag found in the public CBS listing at retrieval.,https://www.cbssports.com/nfl/injuries/,2026-08-22T17:30:00Z,,RETURN_DATE_NOT_PUBLICATION,NONE,,,
Seattle Seahawks,NO_CURRENT_INJURY_FLAG,92,,No current injury flag found in the public CBS listing at retrieval.,https://www.cbssports.com/nfl/injuries/,2026-08-22T17:30:00Z,,RETURN_DATE_NOT_PUBLICATION,NONE,,,
Cameron Dicker,NO_CURRENT_INJURY_FLAG,92,,No current injury flag found in the public CBS listing at retrieval.,https://www.cbssports.com/nfl/injuries/,2026-08-22T17:30:00Z,,RETURN_DATE_NOT_PUBLICATION,NONE,,,
Tyler Shough,NO_CURRENT_INJURY_FLAG,92,,No current injury flag found in the public CBS listing at retrieval.,https://www.cbssports.com/nfl/injuries/,2026-08-22T17:30:00Z,,RETURN_DATE_NOT_PUBLICATION,NONE,,,
Jalen Coker,NO_CURRENT_INJURY_FLAG,92,,No current injury flag found in the public CBS listing at retrieval.,https://www.cbssports.com/nfl/injuries/,2026-08-22T17:30:00Z,,RETURN_DATE_NOT_PUBLICATION,NONE,,,
Tank Bigsby,NO_CURRENT_INJURY_FLAG,92,,No current injury flag found in the public CBS listing at retrieval.,https://www.cbssports.com/nfl/injuries/,2026-08-22T17:30:00Z,,RETURN_DATE_NOT_PUBLICATION,NONE,,,
Jayden Higgins,OUT_SEASON,5,Knee - ACL,Confirmed torn ACL; out for the 2026 season and retained for identity/history.,https://www.nfl.com/news/texans-wr-jayden-higgins-torn-acl-out-2026-season; https://www.cbssports.com/nfl/injuries/; https://nfc.shgn.com/sportinjuries/football,2026-08-22T17:30:00Z,2/15/2027,RETURN_DATE_NOT_PUBLICATION,NAMED_CASE_CURRENT_EXTERNAL_CORROBORATION,IR Knee - ACL,"Fri, Aug 21",Knee - ACL; IR. Injured Reserve
Ka'imi Fairbairn,NO_CURRENT_INJURY_FLAG,92,,No current injury flag found in the public CBS listing at retrieval.,https://www.cbssports.com/nfl/injuries/,2026-08-22T17:30:00Z,,RETURN_DATE_NOT_PUBLICATION,NONE,,,
MarShawn Lloyd,NO_CURRENT_INJURY_FLAG,92,,No current injury flag found in the public CBS listing at retrieval.,https://www.cbssports.com/nfl/injuries/,2026-08-22T17:30:00Z,,RETURN_DATE_NOT_PUBLICATION,NONE,,,
Philadelphia Eagles,NO_CURRENT_INJURY_FLAG,92,,No current injury flag found in the public CBS listing at retrieval.,https://www.cbssports.com/nfl/injuries/,2026-08-22T17:30:00Z,,RETURN_DATE_NOT_PUBLICATION,NONE,,,
Jalen Nailor,NO_CURRENT_INJURY_FLAG,92,,No current injury flag found in the public CBS listing at retrieval.,https://www.cbssports.com/nfl/injuries/,2026-08-22T17:30:00Z,,RETURN_DATE_NOT_PUBLICATION,NONE,,,
Brian Robinson Jr.,NO_CURRENT_INJURY_FLAG,92,,No current injury flag found in the public CBS listing at retrieval.,https://www.cbssports.com/nfl/injuries/,2026-08-22T17:30:00Z,,RETURN_DATE_NOT_PUBLICATION,NONE,,,
Calvin Ridley,NO_CURRENT_INJURY_FLAG,92,,No current injury flag found in the public CBS listing at retrieval.,https://www.cbssports.com/nfl/injuries/,2026-08-22T17:30:00Z,,RETURN_DATE_NOT_PUBLICATION,NONE,,,
Cam Little,NO_CURRENT_INJURY_FLAG,92,,No current injury flag found in the public CBS listing at retrieval.,https://www.cbssports.com/nfl/injuries/,2026-08-22T17:30:00Z,,RETURN_DATE_NOT_PUBLICATION,NONE,,,
Khalil Shakir,QUESTIONABLE,68,Undisclosed,"Undisclosed; Questionable for Week 1 at Houston; CBS updated Sat, Aug 22; NFFC Return Date 8/27/2026 is non-publication metadata.",https://www.cbssports.com/nfl/injuries/,2026-08-22T17:30:00Z,8/27/2026,RETURN_DATE_NOT_PUBLICATION,FUTURE_RETURN_DATE_CORROBORATED_BY_CURRENT_CBS,QUESTIONABLE Undisclosed,"Sat, Aug 22",Undisclosed; Questionable for Week 1 at Houston
Dylan Sampson,NO_CURRENT_INJURY_FLAG,92,,No current injury flag found in the public CBS listing at retrieval.,https://www.cbssports.com/nfl/injuries/,2026-08-22T17:30:00Z,,RETURN_DATE_NOT_PUBLICATION,NONE,,,
Jason Myers,NO_CURRENT_INJURY_FLAG,92,,No current injury flag found in the public CBS listing at retrieval.,https://www.cbssports.com/nfl/injuries/,2026-08-22T17:30:00Z,,RETURN_DATE_NOT_PUBLICATION,NONE,,,
Jordan Love,NO_CURRENT_INJURY_FLAG,92,,No current injury flag found in the public CBS listing at retrieval.,https://www.cbssports.com/nfl/injuries/,2026-08-22T17:30:00Z,,RETURN_DATE_NOT_PUBLICATION,NONE,,,
Chigoziem Okonkwo,NO_CURRENT_INJURY_FLAG,92,,No current injury flag found in the public CBS listing at retrieval.,https://www.cbssports.com/nfl/injuries/,2026-08-22T17:30:00Z,,RETURN_DATE_NOT_PUBLICATION,NONE,,,
Mike Washington Jr.,NO_CURRENT_INJURY_FLAG,92,,No current injury flag found in the public CBS listing at retrieval.,https://www.cbssports.com/nfl/injuries/,2026-08-22T17:30:00Z,,RETURN_DATE_NOT_PUBLICATION,NONE,,,
Denzel Boston,NO_CURRENT_INJURY_FLAG,92,,No current injury flag found in the public CBS listing at retrieval.,https://www.cbssports.com/nfl/injuries/,2026-08-22T17:30:00Z,,RETURN_DATE_NOT_PUBLICATION,NONE,,,
Hunter Henry,NO_CURRENT_INJURY_FLAG,92,,No current injury flag found in the public CBS listing at retrieval.,https://www.cbssports.com/nfl/injuries/,2026-08-22T17:30:00Z,,RETURN_DATE_NOT_PUBLICATION,NONE,,,
New England Patriots,NO_CURRENT_INJURY_FLAG,92,,No current injury flag found in the public CBS listing at retrieval.,https://www.cbssports.com/nfl/injuries/,2026-08-22T17:30:00Z,,RETURN_DATE_NOT_PUBLICATION,NONE,,,
T.J. Hockenson,NO_CURRENT_INJURY_FLAG,92,,No current injury flag found in the public CBS listing at retrieval.,https://www.cbssports.com/nfl/injuries/,2026-08-22T17:30:00Z,,RETURN_DATE_NOT_PUBLICATION,NONE,,,
Malik Willis,NO_CURRENT_INJURY_FLAG,92,,No current injury flag found in the public CBS listing at retrieval.,https://www.cbssports.com/nfl/injuries/,2026-08-22T17:30:00Z,,RETURN_DATE_NOT_PUBLICATION,NONE,,,
Kayshon Boutte,NO_CURRENT_INJURY_FLAG,92,,No current injury flag found in the public CBS listing at retrieval.,https://www.cbssports.com/nfl/injuries/,2026-08-22T17:30:00Z,,RETURN_DATE_NOT_PUBLICATION,NONE,,,
Jerry Jeudy,NO_CURRENT_INJURY_FLAG,92,,No current injury flag found in the public CBS listing at retrieval.,https://www.cbssports.com/nfl/injuries/,2026-08-22T17:30:00Z,,RETURN_DATE_NOT_PUBLICATION,NONE,,,
Minnesota Vikings,NO_CURRENT_INJURY_FLAG,92,,No current injury flag found in the public CBS listing at retrieval.,https://www.cbssports.com/nfl/injuries/,2026-08-22T17:30:00Z,,RETURN_DATE_NOT_PUBLICATION,NONE,,,
David Njoku,NO_CURRENT_INJURY_FLAG,92,,No current injury flag found in the public CBS listing at retrieval.,https://www.cbssports.com/nfl/injuries/,2026-08-22T17:30:00Z,,RETURN_DATE_NOT_PUBLICATION,NONE,,,
Jake Bates,NO_CURRENT_INJURY_FLAG,92,,No current injury flag found in the public CBS listing at retrieval.,https://www.cbssports.com/nfl/injuries/,2026-08-22T17:30:00Z,,RETURN_DATE_NOT_PUBLICATION,NONE,,,
Braelon Allen,NO_CURRENT_INJURY_FLAG,92,,No current injury flag found in the public CBS listing at retrieval.,https://www.cbssports.com/nfl/injuries/,2026-08-22T17:30:00Z,,RETURN_DATE_NOT_PUBLICATION,NONE,,,
Jacksonville Jaguars,NO_CURRENT_INJURY_FLAG,92,,No current injury flag found in the public CBS listing at retrieval.,https://www.cbssports.com/nfl/injuries/,2026-08-22T17:30:00Z,,RETURN_DATE_NOT_PUBLICATION,NONE,,,
Brenton Strange,NO_CURRENT_INJURY_FLAG,92,,No current injury flag found in the public CBS listing at retrieval.,https://www.cbssports.com/nfl/injuries/,2026-08-22T17:30:00Z,,RETURN_DATE_NOT_PUBLICATION,NONE,,,
Pittsburgh Steelers,NO_CURRENT_INJURY_FLAG,92,,No current injury flag found in the public CBS listing at retrieval.,https://www.cbssports.com/nfl/injuries/,2026-08-22T17:30:00Z,,RETURN_DATE_NOT_PUBLICATION,NONE,,,
Tyler Loop,NO_CURRENT_INJURY_FLAG,92,,No current injury flag found in the public CBS listing at retrieval.,https://www.cbssports.com/nfl/injuries/,2026-08-22T17:30:00Z,,RETURN_DATE_NOT_PUBLICATION,NONE,,,
Harrison Mevis,NO_CURRENT_INJURY_FLAG,92,,No current injury flag found in the public CBS listing at retrieval.,https://www.cbssports.com/nfl/injuries/,2026-08-22T17:30:00Z,,RETURN_DATE_NOT_PUBLICATION,NONE,,,
Jauan Jennings,NO_CURRENT_INJURY_FLAG,92,,No current injury flag found in the public CBS listing at retrieval.,https://www.cbssports.com/nfl/injuries/,2026-08-22T17:30:00Z,,RETURN_DATE_NOT_PUBLICATION,NONE,,,
Los Angeles Chargers,NO_CURRENT_INJURY_FLAG,92,,No current injury flag found in the public CBS listing at retrieval.,https://www.cbssports.com/nfl/injuries/,2026-08-22T17:30:00Z,,RETURN_DATE_NOT_PUBLICATION,NONE,,,
Sam Darnold,NO_CURRENT_INJURY_FLAG,92,,No current injury flag found in the public CBS listing at retrieval.,https://www.cbssports.com/nfl/injuries/,2026-08-22T17:30:00Z,,RETURN_DATE_NOT_PUBLICATION,NONE,,,
Jaydon Blue,QUESTIONABLE,72,Shoulder,"Shoulder; Questionable for Week 1 at N.Y. Giants; CBS updated Tue, Aug 18; NFFC Return Date 8/22/2026 is non-publication metadata.",https://www.cbssports.com/nfl/injuries/,2026-08-22T17:30:00Z,8/22/2026,RETURN_DATE_NOT_PUBLICATION,NFFC_SECONDARY_CBS_PRIMARY,QUESTIONABLE Shoulder,"Tue, Aug 18",Shoulder; Questionable for Week 1 at N.Y. Giants
Ja'Kobi Lane,NO_CURRENT_INJURY_FLAG,92,,No current injury flag found in the public CBS listing at retrieval.,https://www.cbssports.com/nfl/injuries/,2026-08-22T17:30:00Z,,RETURN_DATE_NOT_PUBLICATION,NONE,,,
Justice Hill,NO_CURRENT_INJURY_FLAG,92,,No current injury flag found in the public CBS listing at retrieval.,https://www.cbssports.com/nfl/injuries/,2026-08-22T17:30:00Z,,RETURN_DATE_NOT_PUBLICATION,NONE,,,
Tank Dell,QUESTIONABLE,55,Knee - ACL + MCL,"Knee - ACL + MCL; Questionable for Week 1 vs. Buffalo; CBS updated Fri, Aug 21; NFFC Return Date 8/28/2026 is non-publication metadata.",https://www.cbssports.com/nfl/injuries/,2026-08-22T17:30:00Z,8/28/2026,RETURN_DATE_NOT_PUBLICATION,FUTURE_RETURN_DATE_CORROBORATED_BY_CURRENT_CBS,QUESTIONABLE Knee - ACL + MCL,"Fri, Aug 21",Knee - ACL + MCL; Questionable for Week 1 vs. Buffalo
Kenyon Sadiq,QUESTIONABLE,68,Abdomen,"Abdomen; Questionable for Week 1 at Tennessee; CBS updated Tue, Aug 18; NFFC Return Date 8/28/2026 is non-publication metadata.",https://www.cbssports.com/nfl/injuries/,2026-08-22T17:30:00Z,8/28/2026,RETURN_DATE_NOT_PUBLICATION,FUTURE_RETURN_DATE_CORROBORATED_BY_CURRENT_CBS,QUESTIONABLE Abdomen,"Tue, Aug 18",Abdomen; Questionable for Week 1 at Tennessee
Malik Washington,NO_CURRENT_INJURY_FLAG,92,,No current injury flag found in the public CBS listing at retrieval.,https://www.cbssports.com/nfl/injuries/,2026-08-22T17:30:00Z,,RETURN_DATE_NOT_PUBLICATION,NONE,,,
Green Bay Packers,NO_CURRENT_INJURY_FLAG,92,,No current injury flag found in the public CBS listing at retrieval.,https://www.cbssports.com/nfl/injuries/,2026-08-22T17:30:00Z,,RETURN_DATE_NOT_PUBLICATION,NONE,,,
Cam Ward,NO_CURRENT_INJURY_FLAG,92,,No current injury flag found in the public CBS listing at retrieval.,https://www.cbssports.com/nfl/injuries/,2026-08-22T17:30:00Z,,RETURN_DATE_NOT_PUBLICATION,NONE,,,
Malachi Fields,NO_CURRENT_INJURY_FLAG,92,,No current injury flag found in the public CBS listing at retrieval.,https://www.cbssports.com/nfl/injuries/,2026-08-22T17:30:00Z,,RETURN_DATE_NOT_PUBLICATION,NONE,,,
Eddy Pineiro,NO_CURRENT_INJURY_FLAG,92,,No current injury flag found in the public CBS listing at retrieval.,https://www.cbssports.com/nfl/injuries/,2026-08-22T17:30:00Z,,RETURN_DATE_NOT_PUBLICATION,NONE,,,
Dontayvion Wicks,NO_CURRENT_INJURY_FLAG,92,,No current injury flag found in the public CBS listing at retrieval.,https://www.cbssports.com/nfl/injuries/,2026-08-22T17:30:00Z,,RETURN_DATE_NOT_PUBLICATION,NONE,,,
Ray Davis,NO_CURRENT_INJURY_FLAG,92,,No current injury flag found in the public CBS listing at retrieval.,https://www.cbssports.com/nfl/injuries/,2026-08-22T17:30:00Z,,RETURN_DATE_NOT_PUBLICATION,NONE,,,
Nicholas Singleton,NO_CURRENT_INJURY_FLAG,92,,No current injury flag found in the public CBS listing at retrieval.,https://www.cbssports.com/nfl/injuries/,2026-08-22T17:30:00Z,,RETURN_DATE_NOT_PUBLICATION,NONE,,,
Omar Cooper Jr.,NO_CURRENT_INJURY_FLAG,92,,No current injury flag found in the public CBS listing at retrieval.,https://www.cbssports.com/nfl/injuries/,2026-08-22T17:30:00Z,,RETURN_DATE_NOT_PUBLICATION,NONE,,,
Sean Tucker,NO_CURRENT_INJURY_FLAG,92,,No current injury flag found in the public CBS listing at retrieval.,https://www.cbssports.com/nfl/injuries/,2026-08-22T17:30:00Z,,RETURN_DATE_NOT_PUBLICATION,NONE,,,
C.J. Stroud,NO_CURRENT_INJURY_FLAG,92,,No current injury flag found in the public CBS listing at retrieval.,https://www.cbssports.com/nfl/injuries/,2026-08-22T17:30:00Z,,RETURN_DATE_NOT_PUBLICATION,NONE,,,
Caleb Douglas,NO_CURRENT_INJURY_FLAG,92,,No current injury flag found in the public CBS listing at retrieval.,https://www.cbssports.com/nfl/injuries/,2026-08-22T17:30:00Z,,RETURN_DATE_NOT_PUBLICATION,NONE,,,
Zachariah Branch,NO_CURRENT_INJURY_FLAG,92,,No current injury flag found in the public CBS listing at retrieval.,https://www.cbssports.com/nfl/injuries/,2026-08-22T17:30:00Z,,RETURN_DATE_NOT_PUBLICATION,NONE,,,
Tyreek Hill,NO_CURRENT_INJURY_FLAG,92,,"No current independently corroborated injury flag at retrieval; NFFC 9/13/2026 is a Return Date, not a publication date.",https://www.cbssports.com/nfl/injuries/,2026-08-22T17:30:00Z,9/13/2026,RETURN_DATE_NOT_PUBLICATION,IGNORED_UNCORROBORATED_RETURN_DATE,QUESTIONABLE Knee - ACL,,
Jalen McMillan,QUESTIONABLE,62,Knee,"Knee; Questionable for Week 1 at Cincinnati; CBS updated Fri, Aug 14; NFFC Return Date 8/22/2026 is non-publication metadata.",https://www.cbssports.com/nfl/injuries/,2026-08-22T17:30:00Z,8/22/2026,RETURN_DATE_NOT_PUBLICATION,NFFC_SECONDARY_CBS_PRIMARY,QUESTIONABLE Knee,"Fri, Aug 14",Knee; Questionable for Week 1 at Cincinnati
Kaelon Black,NO_CURRENT_INJURY_FLAG,92,,No current injury flag found in the public CBS listing at retrieval.,https://www.cbssports.com/nfl/injuries/,2026-08-22T17:30:00Z,,RETURN_DATE_NOT_PUBLICATION,NONE,,,
Keenan Allen,NO_CURRENT_INJURY_FLAG,92,,No current injury flag found in the public CBS listing at retrieval.,https://www.cbssports.com/nfl/injuries/,2026-08-22T17:30:00Z,,RETURN_DATE_NOT_PUBLICATION,NONE,,,
Tre Tucker,NO_CURRENT_INJURY_FLAG,92,,No current injury flag found in the public CBS listing at retrieval.,https://www.cbssports.com/nfl/injuries/,2026-08-22T17:30:00Z,,RETURN_DATE_NOT_PUBLICATION,NONE,,,
Christian Kirk,QUESTIONABLE,68,Calf,"Calf; Questionable for Week 1 at L.A. Rams; CBS updated Fri, Aug 21; NFFC Return Date 8/27/2026 is non-publication metadata.",https://www.cbssports.com/nfl/injuries/,2026-08-22T17:30:00Z,8/27/2026,RETURN_DATE_NOT_PUBLICATION,FUTURE_RETURN_DATE_CORROBORATED_BY_CURRENT_CBS,QUESTIONABLE Calf,"Fri, Aug 21",Calf; Questionable for Week 1 at L.A. Rams
Daniel Jones,NO_CURRENT_INJURY_FLAG,92,,No current injury flag found in the public CBS listing at retrieval.,https://www.cbssports.com/nfl/injuries/,2026-08-22T17:30:00Z,,RETURN_DATE_NOT_PUBLICATION,NONE,,,
Andres Borregales,NO_CURRENT_INJURY_FLAG,92,,No current injury flag found in the public CBS listing at retrieval.,https://www.cbssports.com/nfl/injuries/,2026-08-22T17:30:00Z,,RETURN_DATE_NOT_PUBLICATION,NONE,,,
Oronde Gadsden II,NO_CURRENT_INJURY_FLAG,92,,No current injury flag found in the public CBS listing at retrieval.,https://www.cbssports.com/nfl/injuries/,2026-08-22T17:30:00Z,,RETURN_DATE_NOT_PUBLICATION,NONE,,,
Baltimore Ravens,NO_CURRENT_INJURY_FLAG,92,,No current injury flag found in the public CBS listing at retrieval.,https://www.cbssports.com/nfl/injuries/,2026-08-22T17:30:00Z,,RETURN_DATE_NOT_PUBLICATION,NONE,,,
George Holani,NO_CURRENT_INJURY_FLAG,92,,No current injury flag found in the public CBS listing at retrieval.,https://www.cbssports.com/nfl/injuries/,2026-08-22T17:30:00Z,,RETURN_DATE_NOT_PUBLICATION,NONE,,,
Jacoby Brissett,NO_CURRENT_INJURY_FLAG,92,,No current injury flag found in the public CBS listing at retrieval.,https://www.cbssports.com/nfl/injuries/,2026-08-22T17:30:00Z,,RETURN_DATE_NOT_PUBLICATION,NONE,,,
Jordan James,QUESTIONABLE,68,Ribs,"Ribs; Questionable for Week 1 at L.A. Rams; CBS updated Fri, Aug 21; NFFC Return Date 8/27/2026 is non-publication metadata.",https://www.cbssports.com/nfl/injuries/,2026-08-22T17:30:00Z,8/27/2026,RETURN_DATE_NOT_PUBLICATION,FUTURE_RETURN_DATE_CORROBORATED_BY_CURRENT_CBS,QUESTIONABLE Ribs,"Fri, Aug 21",Ribs; Questionable for Week 1 at L.A. Rams
Dallas Cowboys,NO_CURRENT_INJURY_FLAG,92,,No current injury flag found in the public CBS listing at retrieval.,https://www.cbssports.com/nfl/injuries/,2026-08-22T17:30:00Z,,RETURN_DATE_NOT_PUBLICATION,NONE,,,
Cyrus Allen,NO_CURRENT_INJURY_FLAG,92,,No current injury flag found in the public CBS listing at retrieval.,https://www.cbssports.com/nfl/injuries/,2026-08-22T17:30:00Z,,RETURN_DATE_NOT_PUBLICATION,NONE,,,
Kaytron Allen,NO_CURRENT_INJURY_FLAG,92,,No current injury flag found in the public CBS listing at retrieval.,https://www.cbssports.com/nfl/injuries/,2026-08-22T17:30:00Z,,RETURN_DATE_NOT_PUBLICATION,NONE,,,
Emmett Johnson,NO_CURRENT_INJURY_FLAG,92,,No current injury flag found in the public CBS listing at retrieval.,https://www.cbssports.com/nfl/injuries/,2026-08-22T17:30:00Z,,RETURN_DATE_NOT_PUBLICATION,NONE,,,
Demond Claiborne,NO_CURRENT_INJURY_FLAG,92,,No current injury flag found in the public CBS listing at retrieval.,https://www.cbssports.com/nfl/injuries/,2026-08-22T17:30:00Z,,RETURN_DATE_NOT_PUBLICATION,NONE,,,
Ty Johnson,QUESTIONABLE,68,Knee,"Knee; Questionable for Week 1 at Houston; CBS updated Sat, Aug 15; NFFC Return Date 8/22/2026 is non-publication metadata.",https://www.cbssports.com/nfl/injuries/,2026-08-22T17:30:00Z,8/22/2026,RETURN_DATE_NOT_PUBLICATION,NFFC_SECONDARY_CBS_PRIMARY,QUESTIONABLE Knee,"Sat, Aug 15",Knee; Questionable for Week 1 at Houston
Bryce Young,NO_CURRENT_INJURY_FLAG,92,,No current injury flag found in the public CBS listing at retrieval.,https://www.cbssports.com/nfl/injuries/,2026-08-22T17:30:00Z,,RETURN_DATE_NOT_PUBLICATION,NONE,,,
Kimani Vidal,NO_CURRENT_INJURY_FLAG,92,,No current injury flag found in the public CBS listing at retrieval.,https://www.cbssports.com/nfl/injuries/,2026-08-22T17:30:00Z,,RETURN_DATE_NOT_PUBLICATION,NONE,,,
Dalton Schultz,NO_CURRENT_INJURY_FLAG,92,,No current injury flag found in the public CBS listing at retrieval.,https://www.cbssports.com/nfl/injuries/,2026-08-22T17:30:00Z,,RETURN_DATE_NOT_PUBLICATION,NONE,,,
Jaylen Wright,NO_CURRENT_INJURY_FLAG,92,,No current injury flag found in the public CBS listing at retrieval.,https://www.cbssports.com/nfl/injuries/,2026-08-22T17:30:00Z,,RETURN_DATE_NOT_PUBLICATION,NONE,,,
Jalen Tolbert,NO_CURRENT_INJURY_FLAG,92,,No current injury flag found in the public CBS listing at retrieval.,https://www.cbssports.com/nfl/injuries/,2026-08-22T17:30:00Z,,RETURN_DATE_NOT_PUBLICATION,NONE,,,
Germie Bernard,NO_CURRENT_INJURY_FLAG,92,,No current injury flag found in the public CBS listing at retrieval.,https://www.cbssports.com/nfl/injuries/,2026-08-22T17:30:00Z,,RETURN_DATE_NOT_PUBLICATION,NONE,,,
Samaje Perine,NO_CURRENT_INJURY_FLAG,92,,No current injury flag found in the public CBS listing at retrieval.,https://www.cbssports.com/nfl/injuries/,2026-08-22T17:30:00Z,,RETURN_DATE_NOT_PUBLICATION,NONE,,,
Chase McLaughlin,NO_CURRENT_INJURY_FLAG,92,,No current injury flag found in the public CBS listing at retrieval.,https://www.cbssports.com/nfl/injuries/,2026-08-22T17:30:00Z,,RETURN_DATE_NOT_PUBLICATION,NONE,,,
Cooper Kupp,NO_CURRENT_INJURY_FLAG,92,,No current injury flag found in the public CBS listing at retrieval.,https://www.cbssports.com/nfl/injuries/,2026-08-22T17:30:00Z,,RETURN_DATE_NOT_PUBLICATION,NONE,,,
Devin Singletary,NO_CURRENT_INJURY_FLAG,92,,No current injury flag found in the public CBS listing at retrieval.,https://www.cbssports.com/nfl/injuries/,2026-08-22T17:30:00Z,,RETURN_DATE_NOT_PUBLICATION,NONE,,,
James Conner,QUESTIONABLE,58,Foot,"Foot; Questionable for Week 1 at L.A. Chargers; CBS updated Fri, Aug 14; NFFC Return Date 8/22/2026 is non-publication metadata.",https://www.cbssports.com/nfl/injuries/,2026-08-22T17:30:00Z,8/22/2026,RETURN_DATE_NOT_PUBLICATION,NFFC_SECONDARY_CBS_PRIMARY,QUESTIONABLE Foot,"Fri, Aug 14",Foot; Questionable for Week 1 at L.A. Chargers
Greg Dulcich,NO_CURRENT_INJURY_FLAG,92,,No current injury flag found in the public CBS listing at retrieval.,https://www.cbssports.com/nfl/injuries/,2026-08-22T17:30:00Z,,RETURN_DATE_NOT_PUBLICATION,NONE,,,
Will Reichard,NO_CURRENT_INJURY_FLAG,92,,No current injury flag found in the public CBS listing at retrieval.,https://www.cbssports.com/nfl/injuries/,2026-08-22T17:30:00Z,,RETURN_DATE_NOT_PUBLICATION,NONE,,,
Buffalo Bills,NO_CURRENT_INJURY_FLAG,92,,No current injury flag found in the public CBS listing at retrieval.,https://www.cbssports.com/nfl/injuries/,2026-08-22T17:30:00Z,,RETURN_DATE_NOT_PUBLICATION,NONE,,,
Fernando Mendoza,NO_CURRENT_INJURY_FLAG,92,,No current injury flag found in the public CBS listing at retrieval.,https://www.cbssports.com/nfl/injuries/,2026-08-22T17:30:00Z,,RETURN_DATE_NOT_PUBLICATION,NONE,,,
Kareem Hunt,NO_CURRENT_INJURY_FLAG,92,,No current injury flag found in the public CBS listing at retrieval.,https://www.cbssports.com/nfl/injuries/,2026-08-22T17:30:00Z,,RETURN_DATE_NOT_PUBLICATION,NONE,,,
Aaron Rodgers,NO_CURRENT_INJURY_FLAG,92,,No current injury flag found in the public CBS listing at retrieval.,https://www.cbssports.com/nfl/injuries/,2026-08-22T17:30:00Z,,RETURN_DATE_NOT_PUBLICATION,NONE,,,
New York Giants,NO_CURRENT_INJURY_FLAG,92,,No current injury flag found in the public CBS listing at retrieval.,https://www.cbssports.com/nfl/injuries/,2026-08-22T17:30:00Z,,RETURN_DATE_NOT_PUBLICATION,NONE,,,
Charlie Smyth,NO_CURRENT_INJURY_FLAG,92,,No current injury flag found in the public CBS listing at retrieval.,https://www.cbssports.com/nfl/injuries/,2026-08-22T17:30:00Z,,RETURN_DATE_NOT_PUBLICATION,NONE,,,
Harrison Butker,NO_CURRENT_INJURY_FLAG,92,,No current injury flag found in the public CBS listing at retrieval.,https://www.cbssports.com/nfl/injuries/,2026-08-22T17:30:00Z,,RETURN_DATE_NOT_PUBLICATION,NONE,,,
Pat Freiermuth,NO_CURRENT_INJURY_FLAG,92,,No current injury flag found in the public CBS listing at retrieval.,https://www.cbssports.com/nfl/injuries/,2026-08-22T17:30:00Z,,RETURN_DATE_NOT_PUBLICATION,NONE,,,
Adonai Mitchell,NO_CURRENT_INJURY_FLAG,92,,No current injury flag found in the public CBS listing at retrieval.,https://www.cbssports.com/nfl/injuries/,2026-08-22T17:30:00Z,,RETURN_DATE_NOT_PUBLICATION,NONE,,,
Kaleb Johnson,NO_CURRENT_INJURY_FLAG,92,,No current injury flag found in the public CBS listing at retrieval.,https://www.cbssports.com/nfl/injuries/,2026-08-22T17:30:00Z,,RETURN_DATE_NOT_PUBLICATION,NONE,,,
Travis Hunter,NO_CURRENT_INJURY_FLAG,92,,No current injury flag found in the public CBS listing at retrieval.,https://www.cbssports.com/nfl/injuries/,2026-08-22T17:30:00Z,,RETURN_DATE_NOT_PUBLICATION,NONE,,,
Keon Coleman,QUESTIONABLE,68,Foot,Foot injury remains listed as questionable for Week 1.,https://www.cbssports.com/nfl/injuries/; https://nfc.shgn.com/sportinjuries/football,2026-08-22T17:30:00Z,8/27/2026,RETURN_DATE_NOT_PUBLICATION,NAMED_CASE_CURRENT_EXTERNAL_CORROBORATION,QUESTIONABLE Foot,"Sat, Aug 22",Foot; Questionable for Week 1 at Houston
Jake Tonges,NO_CURRENT_INJURY_FLAG,92,,No current injury flag found in the public CBS listing at retrieval.,https://www.cbssports.com/nfl/injuries/,2026-08-22T17:30:00Z,,RETURN_DATE_NOT_PUBLICATION,NONE,,,
Chris Boswell,NO_CURRENT_INJURY_FLAG,92,,No current injury flag found in the public CBS listing at retrieval.,https://www.cbssports.com/nfl/injuries/,2026-08-22T17:30:00Z,,RETURN_DATE_NOT_PUBLICATION,NONE,,,
AJ Barner,NO_CURRENT_INJURY_FLAG,92,,No current injury flag found in the public CBS listing at retrieval.,https://www.cbssports.com/nfl/injuries/,2026-08-22T17:30:00Z,,RETURN_DATE_NOT_PUBLICATION,NONE,,,
Terrance Ferguson,NO_CURRENT_INJURY_FLAG,92,,No current injury flag found in the public CBS listing at retrieval.,https://www.cbssports.com/nfl/injuries/,2026-08-22T17:30:00Z,,RETURN_DATE_NOT_PUBLICATION,NONE,,,
Darnell Mooney,NO_CURRENT_INJURY_FLAG,92,,No current injury flag found in the public CBS listing at retrieval.,https://www.cbssports.com/nfl/injuries/,2026-08-22T17:30:00Z,,RETURN_DATE_NOT_PUBLICATION,NONE,,,
Cleveland Browns,NO_CURRENT_INJURY_FLAG,92,,No current injury flag found in the public CBS listing at retrieval.,https://www.cbssports.com/nfl/injuries/,2026-08-22T17:30:00Z,,RETURN_DATE_NOT_PUBLICATION,NONE,,,
Devaughn Vele,NO_CURRENT_INJURY_FLAG,92,,No current injury flag found in the public CBS listing at retrieval.,https://www.cbssports.com/nfl/injuries/,2026-08-22T17:30:00Z,,RETURN_DATE_NOT_PUBLICATION,NONE,,,
Evan McPherson,NO_CURRENT_INJURY_FLAG,92,,No current injury flag found in the public CBS listing at retrieval.,https://www.cbssports.com/nfl/injuries/,2026-08-22T17:30:00Z,,RETURN_DATE_NOT_PUBLICATION,NONE,,,
Cairo Santos,NO_CURRENT_INJURY_FLAG,92,,No current injury flag found in the public CBS listing at retrieval.,https://www.cbssports.com/nfl/injuries/,2026-08-22T17:30:00Z,,RETURN_DATE_NOT_PUBLICATION,NONE,,,
Antonio Williams,NO_CURRENT_INJURY_FLAG,92,,No current injury flag found in the public CBS listing at retrieval.,https://www.cbssports.com/nfl/injuries/,2026-08-22T17:30:00Z,,RETURN_DATE_NOT_PUBLICATION,NONE,,,
Detroit Lions,NO_CURRENT_INJURY_FLAG,92,,No current injury flag found in the public CBS listing at retrieval.,https://www.cbssports.com/nfl/injuries/,2026-08-22T17:30:00Z,,RETURN_DATE_NOT_PUBLICATION,NONE,,,
Wil Lutz,NO_CURRENT_INJURY_FLAG,92,,No current injury flag found in the public CBS listing at retrieval.,https://www.cbssports.com/nfl/injuries/,2026-08-22T17:30:00Z,,RETURN_DATE_NOT_PUBLICATION,NONE,,,
Cade Otton,QUESTIONABLE,70,Undisclosed,"Undisclosed; Questionable for Week 1 at Cincinnati; CBS updated Tue, Aug 18; NFFC Return Date 8/28/2026 is non-publication metadata.",https://www.cbssports.com/nfl/injuries/,2026-08-22T17:30:00Z,8/28/2026,RETURN_DATE_NOT_PUBLICATION,FUTURE_RETURN_DATE_CORROBORATED_BY_CURRENT_CBS,QUESTIONABLE Undisclosed,"Tue, Aug 18",Undisclosed; Questionable for Week 1 at Cincinnati
Chicago Bears,NO_CURRENT_INJURY_FLAG,92,,No current injury flag found in the public CBS listing at retrieval.,https://www.cbssports.com/nfl/injuries/,2026-08-22T17:30:00Z,,RETURN_DATE_NOT_PUBLICATION,NONE,,,
New Orleans Saints,NO_CURRENT_INJURY_FLAG,92,,No current injury flag found in the public CBS listing at retrieval.,https://www.cbssports.com/nfl/injuries/,2026-08-22T17:30:00Z,,RETURN_DATE_NOT_PUBLICATION,NONE,,,
Trey Smack,NO_CURRENT_INJURY_FLAG,92,,No current injury flag found in the public CBS listing at retrieval.,https://www.cbssports.com/nfl/injuries/,2026-08-22T17:30:00Z,,RETURN_DATE_NOT_PUBLICATION,NONE,,,
Emanuel Wilson,QUESTIONABLE,68,Hamstring,"Hamstring; Questionable for Week 1 vs. New England; CBS updated Sun, Aug 16; NFFC Return Date 8/23/2026 is non-publication metadata.",https://www.cbssports.com/nfl/injuries/,2026-08-22T17:30:00Z,8/23/2026,RETURN_DATE_NOT_PUBLICATION,FUTURE_RETURN_DATE_CORROBORATED_BY_CURRENT_CBS,QUESTIONABLE Hamstring,"Sun, Aug 16",Hamstring; Questionable for Week 1 vs. New England
Jake Elliott,NO_CURRENT_INJURY_FLAG,92,,No current injury flag found in the public CBS listing at retrieval.,https://www.cbssports.com/nfl/injuries/,2026-08-22T17:30:00Z,,RETURN_DATE_NOT_PUBLICATION,NONE,,,
Ryan Flournoy,NO_CURRENT_INJURY_FLAG,92,,No current injury flag found in the public CBS listing at retrieval.,https://www.cbssports.com/nfl/injuries/,2026-08-22T17:30:00Z,,RETURN_DATE_NOT_PUBLICATION,NONE,,,
Tyler Bass,NO_CURRENT_INJURY_FLAG,92,,No current injury flag found in the public CBS listing at retrieval.,https://www.cbssports.com/nfl/injuries/,2026-08-22T17:30:00Z,,RETURN_DATE_NOT_PUBLICATION,NONE,,,
Kansas City Chiefs,NO_CURRENT_INJURY_FLAG,92,,No current injury flag found in the public CBS listing at retrieval.,https://www.cbssports.com/nfl/injuries/,2026-08-22T17:30:00Z,,RETURN_DATE_NOT_PUBLICATION,NONE,,,
San Francisco 49ers,NO_CURRENT_INJURY_FLAG,92,,No current injury flag found in the public CBS listing at retrieval.,https://www.cbssports.com/nfl/injuries/,2026-08-22T17:30:00Z,,RETURN_DATE_NOT_PUBLICATION,NONE,,,
Isaac TeSlaa,NO_CURRENT_INJURY_FLAG,92,,No current injury flag found in the public CBS listing at retrieval.,https://www.cbssports.com/nfl/injuries/,2026-08-22T17:30:00Z,,RETURN_DATE_NOT_PUBLICATION,NONE,,,
Tennessee Titans,NO_CURRENT_INJURY_FLAG,92,,No current injury flag found in the public CBS listing at retrieval.,https://www.cbssports.com/nfl/injuries/,2026-08-22T17:30:00Z,,RETURN_DATE_NOT_PUBLICATION,NONE,,,
Ollie Gordon II,NO_CURRENT_INJURY_FLAG,92,,No current injury flag found in the public CBS listing at retrieval.,https://www.cbssports.com/nfl/injuries/,2026-08-22T17:30:00Z,,RETURN_DATE_NOT_PUBLICATION,NONE,,,
DJ Giddens,QUESTIONABLE,78,Hamstring,"Hamstring; Questionable for Week 1 vs. Baltimore; CBS updated Wed, Aug 19; NFFC Return Date 8/22/2026 is non-publication metadata.",https://www.cbssports.com/nfl/injuries/,2026-08-22T17:30:00Z,8/22/2026,RETURN_DATE_NOT_PUBLICATION,NFFC_SECONDARY_CBS_PRIMARY,QUESTIONABLE Hamstring,"Wed, Aug 19",Hamstring; Questionable for Week 1 vs. Baltimore
Gunnar Helm,NO_CURRENT_INJURY_FLAG,92,,No current injury flag found in the public CBS listing at retrieval.,https://www.cbssports.com/nfl/injuries/,2026-08-22T17:30:00Z,,RETURN_DATE_NOT_PUBLICATION,NONE,,,
Tre' Harris,QUESTIONABLE,68,Undisclosed,"Undisclosed; Questionable for Week 1 vs. Arizona; CBS updated Fri, Aug 21; NFFC Return Date 8/27/2026 is non-publication metadata.",https://www.cbssports.com/nfl/injuries/,2026-08-22T17:30:00Z,8/27/2026,RETURN_DATE_NOT_PUBLICATION,FUTURE_RETURN_DATE_CORROBORATED_BY_CURRENT_CBS,QUESTIONABLE Undisclosed,"Fri, Aug 21",Undisclosed; Questionable for Week 1 vs. Arizona
J.J. McCarthy,NO_CURRENT_INJURY_FLAG,92,,No current injury flag found in the public CBS listing at retrieval.,https://www.cbssports.com/nfl/injuries/,2026-08-22T17:30:00Z,,RETURN_DATE_NOT_PUBLICATION,NONE,,,
Pat Bryant,NO_CURRENT_INJURY_FLAG,92,,No current injury flag found in the public CBS listing at retrieval.,https://www.cbssports.com/nfl/injuries/,2026-08-22T17:30:00Z,,RETURN_DATE_NOT_PUBLICATION,NONE,,,
Jaylin Noel,QUESTIONABLE,68,Hamstring,"Hamstring; Questionable for Week 1 vs. Buffalo; CBS updated Mon, Aug 17; NFFC Return Date 9/13/2026 is non-publication metadata.",https://www.cbssports.com/nfl/injuries/,2026-08-22T17:30:00Z,9/13/2026,RETURN_DATE_NOT_PUBLICATION,FUTURE_RETURN_DATE_CORROBORATED_BY_CURRENT_CBS,QUESTIONABLE Hamstring,"Mon, Aug 17",Hamstring; Questionable for Week 1 vs. Buffalo
Brashard Smith,NO_CURRENT_INJURY_FLAG,92,,No current injury flag found in the public CBS listing at retrieval.,https://www.cbssports.com/nfl/injuries/,2026-08-22T17:30:00Z,,RETURN_DATE_NOT_PUBLICATION,NONE,,,
Ty Simpson,NO_CURRENT_INJURY_FLAG,92,,No current injury flag found in the public CBS listing at retrieval.,https://www.cbssports.com/nfl/injuries/,2026-08-22T17:30:00Z,,RETURN_DATE_NOT_PUBLICATION,NONE,,,
Eli Stowers,NO_CURRENT_INJURY_FLAG,92,,No current injury flag found in the public CBS listing at retrieval.,https://www.cbssports.com/nfl/injuries/,2026-08-22T17:30:00Z,,RETURN_DATE_NOT_PUBLICATION,NONE,,,
Nate Boerkircher,NO_CURRENT_INJURY_FLAG,92,,No current injury flag found in the public CBS listing at retrieval.,https://www.cbssports.com/nfl/injuries/,2026-08-22T17:30:00Z,,RETURN_DATE_NOT_PUBLICATION,NONE,,,
Marlin Klein,NO_CURRENT_INJURY_FLAG,92,,No current injury flag found in the public CBS listing at retrieval.,https://www.cbssports.com/nfl/injuries/,2026-08-22T17:30:00Z,,RETURN_DATE_NOT_PUBLICATION,NONE,,,
Max Klare,NO_CURRENT_INJURY_FLAG,92,,No current injury flag found in the public CBS listing at retrieval.,https://www.cbssports.com/nfl/injuries/,2026-08-22T17:30:00Z,,RETURN_DATE_NOT_PUBLICATION,NONE,,,
Carson Beck,QUESTIONABLE,70,Ribs,"Ribs; Questionable for Week 1 at L.A. Chargers; CBS updated Thu, Aug 13; NFFC Return Date 8/22/2026 is non-publication metadata.",https://www.cbssports.com/nfl/injuries/,2026-08-22T17:30:00Z,8/22/2026,RETURN_DATE_NOT_PUBLICATION,NFFC_SECONDARY_CBS_PRIMARY,QUESTIONABLE Ribs,"Thu, Aug 13",Ribs; Questionable for Week 1 at L.A. Chargers
Sam Roush,NO_CURRENT_INJURY_FLAG,92,,No current injury flag found in the public CBS listing at retrieval.,https://www.cbssports.com/nfl/injuries/,2026-08-22T17:30:00Z,,RETURN_DATE_NOT_PUBLICATION,NONE,,,
Oscar Delp,NO_CURRENT_INJURY_FLAG,92,,No current injury flag found in the public CBS listing at retrieval.,https://www.cbssports.com/nfl/injuries/,2026-08-22T17:30:00Z,,RETURN_DATE_NOT_PUBLICATION,NONE,,,
Drew Allar,NO_CURRENT_INJURY_FLAG,92,,No current injury flag found in the public CBS listing at retrieval.,https://www.cbssports.com/nfl/injuries/,2026-08-22T17:30:00Z,,RETURN_DATE_NOT_PUBLICATION,NONE,,,
Chris Brazzell II,INJURED_RESERVE,25,Knee,"Knee; IR. Injured Reserve; CBS updated Fri, Jul 31; NFFC Return Date 2/15/2027 is non-publication metadata.",https://www.cbssports.com/nfl/injuries/,2026-08-22T17:30:00Z,2/15/2027,RETURN_DATE_NOT_PUBLICATION,FUTURE_RETURN_DATE_CORROBORATED_BY_CURRENT_CBS,IR Knee,"Fri, Jul 31",Knee; IR. Injured Reserve
Ted Hurst,NO_CURRENT_INJURY_FLAG,92,,No current injury flag found in the public CBS listing at retrieval.,https://www.cbssports.com/nfl/injuries/,2026-08-22T17:30:00Z,,RETURN_DATE_NOT_PUBLICATION,NONE,,,
Will Kacmarek,NO_CURRENT_INJURY_FLAG,92,,No current injury flag found in the public CBS listing at retrieval.,https://www.cbssports.com/nfl/injuries/,2026-08-22T17:30:00Z,,RETURN_DATE_NOT_PUBLICATION,NONE,,,
Zavion Thomas,NO_CURRENT_INJURY_FLAG,92,,No current injury flag found in the public CBS listing at retrieval.,https://www.cbssports.com/nfl/injuries/,2026-08-22T17:30:00Z,,RETURN_DATE_NOT_PUBLICATION,NONE,,,
Chris Bell,QUESTIONABLE,68,Knee - ACL,"Knee - ACL; Questionable for Week 1 at Las Vegas; CBS updated Mon, Aug 17; NFFC Return Date 8/22/2026 is non-publication metadata.",https://www.cbssports.com/nfl/injuries/,2026-08-22T17:30:00Z,8/22/2026,RETURN_DATE_NOT_PUBLICATION,NFFC_SECONDARY_CBS_PRIMARY,QUESTIONABLE Knee - ACL,"Mon, Aug 17",Knee - ACL; Questionable for Week 1 at Las Vegas
Eli Raridon,NO_CURRENT_INJURY_FLAG,92,,No current injury flag found in the public CBS listing at retrieval.,https://www.cbssports.com/nfl/injuries/,2026-08-22T17:30:00Z,,RETURN_DATE_NOT_PUBLICATION,NONE,,,
Brenen Thompson,QUESTIONABLE,68,Undisclosed,"Undisclosed; Questionable for Week 1 vs. Arizona; CBS updated Sat, Aug 22; NFFC Return Date 8/27/2026 is non-publication metadata.",https://www.cbssports.com/nfl/injuries/,2026-08-22T17:30:00Z,8/27/2026,RETURN_DATE_NOT_PUBLICATION,FUTURE_RETURN_DATE_CORROBORATED_BY_CURRENT_CBS,QUESTIONABLE Undisclosed,"Sat, Aug 22",Undisclosed; Questionable for Week 1 vs. Arizona
Cade Klubnik,NO_CURRENT_INJURY_FLAG,92,,No current injury flag found in the public CBS listing at retrieval.,https://www.cbssports.com/nfl/injuries/,2026-08-22T17:30:00Z,,RETURN_DATE_NOT_PUBLICATION,NONE,,,
Elijah Sarratt,NO_CURRENT_INJURY_FLAG,92,,No current injury flag found in the public CBS listing at retrieval.,https://www.cbssports.com/nfl/injuries/,2026-08-22T17:30:00Z,,RETURN_DATE_NOT_PUBLICATION,NONE,,,
Kaden Wetjen,NO_CURRENT_INJURY_FLAG,92,,No current injury flag found in the public CBS listing at retrieval.,https://www.cbssports.com/nfl/injuries/,2026-08-22T17:30:00Z,,RETURN_DATE_NOT_PUBLICATION,NONE,,,
Skyler Bell,QUESTIONABLE,68,Lower Body,"Lower Body; Questionable for Week 1 at Houston; CBS updated Sat, Aug 22; NFFC Return Date 8/27/2026 is non-publication metadata.",https://www.cbssports.com/nfl/injuries/,2026-08-22T17:30:00Z,8/27/2026,RETURN_DATE_NOT_PUBLICATION,FUTURE_RETURN_DATE_CORROBORATED_BY_CURRENT_CBS,QUESTIONABLE Lower Body,"Sat, Aug 22",Lower Body; Questionable for Week 1 at Houston
Matthew Hibner,NO_CURRENT_INJURY_FLAG,92,,No current injury flag found in the public CBS listing at retrieval.,https://www.cbssports.com/nfl/injuries/,2026-08-22T17:30:00Z,,RETURN_DATE_NOT_PUBLICATION,NONE,,,
Bryce Lance,NO_CURRENT_INJURY_FLAG,92,,No current injury flag found in the public CBS listing at retrieval.,https://www.cbssports.com/nfl/injuries/,2026-08-22T17:30:00Z,,RETURN_DATE_NOT_PUBLICATION,NONE,,,
Colbie Young,NO_CURRENT_INJURY_FLAG,92,,No current injury flag found in the public CBS listing at retrieval.,https://www.cbssports.com/nfl/injuries/,2026-08-22T17:30:00Z,,RETURN_DATE_NOT_PUBLICATION,NONE,,,
Reggie Virgil,NO_CURRENT_INJURY_FLAG,92,,No current injury flag found in the public CBS listing at retrieval.,https://www.cbssports.com/nfl/injuries/,2026-08-22T17:30:00Z,,RETURN_DATE_NOT_PUBLICATION,NONE,,,
Justin Joly,NO_CURRENT_INJURY_FLAG,92,,No current injury flag found in the public CBS listing at retrieval.,https://www.cbssports.com/nfl/injuries/,2026-08-22T17:30:00Z,,RETURN_DATE_NOT_PUBLICATION,NONE,,,
Max Bredeson,NO_CURRENT_INJURY_FLAG,92,,No current injury flag found in the public CBS listing at retrieval.,https://www.cbssports.com/nfl/injuries/,2026-08-22T17:30:00Z,,RETURN_DATE_NOT_PUBLICATION,NONE,,,
Tanner Koziol,NO_CURRENT_INJURY_FLAG,92,,No current injury flag found in the public CBS listing at retrieval.,https://www.cbssports.com/nfl/injuries/,2026-08-22T17:30:00Z,,RETURN_DATE_NOT_PUBLICATION,NONE,,,
Kendrick Law,INJURED_RESERVE,25,Knee - ACL,"Knee - ACL; IR. Injured Reserve; CBS updated Thu, Jul 23; NFFC Return Date 2/15/2027 is non-publication metadata.",https://www.cbssports.com/nfl/injuries/,2026-08-22T17:30:00Z,2/15/2027,RETURN_DATE_NOT_PUBLICATION,FUTURE_RETURN_DATE_CORROBORATED_BY_CURRENT_CBS,IR Knee - ACL,"Thu, Jul 23",Knee - ACL; IR. Injured Reserve
Riley Nowakowski,NO_CURRENT_INJURY_FLAG,92,,No current injury flag found in the public CBS listing at retrieval.,https://www.cbssports.com/nfl/injuries/,2026-08-22T17:30:00Z,,RETURN_DATE_NOT_PUBLICATION,NONE,,,
Joe Royer,QUESTIONABLE,75,Personal,"Personal; Questionable for Week 1 at Jacksonville; CBS updated Sat, Aug 22; NFFC Return Date 8/27/2026 is non-publication metadata.",https://www.cbssports.com/nfl/injuries/,2026-08-22T17:30:00Z,8/27/2026,RETURN_DATE_NOT_PUBLICATION,FUTURE_RETURN_DATE_CORROBORATED_BY_CURRENT_CBS,QUESTIONABLE Personal,"Sat, Aug 22",Personal; Questionable for Week 1 at Jacksonville
Josh Cuevas,NO_CURRENT_INJURY_FLAG,92,,No current injury flag found in the public CBS listing at retrieval.,https://www.cbssports.com/nfl/injuries/,2026-08-22T17:30:00Z,,RETURN_DATE_NOT_PUBLICATION,NONE,,,
Adam Randall,NO_CURRENT_INJURY_FLAG,92,,No current injury flag found in the public CBS listing at retrieval.,https://www.cbssports.com/nfl/injuries/,2026-08-22T17:30:00Z,,RETURN_DATE_NOT_PUBLICATION,NONE,,,
Kevin Coleman Jr.,QUESTIONABLE,68,Undisclosed,"Undisclosed; Questionable for Week 1 at Las Vegas; CBS updated Fri, Aug 14; NFFC Return Date 8/22/2026 is non-publication metadata.",https://www.cbssports.com/nfl/injuries/,2026-08-22T17:30:00Z,8/22/2026,RETURN_DATE_NOT_PUBLICATION,NFFC_SECONDARY_CBS_PRIMARY,QUESTIONABLE Undisclosed,"Fri, Aug 14",Undisclosed; Questionable for Week 1 at Las Vegas
Cole Payton,NO_CURRENT_INJURY_FLAG,92,,No current injury flag found in the public CBS listing at retrieval.,https://www.cbssports.com/nfl/injuries/,2026-08-22T17:30:00Z,,RETURN_DATE_NOT_PUBLICATION,NONE,,,
Seydou Traore,NO_CURRENT_INJURY_FLAG,92,,No current injury flag found in the public CBS listing at retrieval.,https://www.cbssports.com/nfl/injuries/,2026-08-22T17:30:00Z,,RETURN_DATE_NOT_PUBLICATION,NONE,,,
Taylen Green,NO_CURRENT_INJURY_FLAG,92,,No current injury flag found in the public CBS listing at retrieval.,https://www.cbssports.com/nfl/injuries/,2026-08-22T17:30:00Z,,RETURN_DATE_NOT_PUBLICATION,NONE,,,
Bauer Sharp,NO_CURRENT_INJURY_FLAG,92,,No current injury flag found in the public CBS listing at retrieval.,https://www.cbssports.com/nfl/injuries/,2026-08-22T17:30:00Z,,RETURN_DATE_NOT_PUBLICATION,NONE,,,
Barion Brown,NO_CURRENT_INJURY_FLAG,92,,No current injury flag found in the public CBS listing at retrieval.,https://www.cbssports.com/nfl/injuries/,2026-08-22T17:30:00Z,,RETURN_DATE_NOT_PUBLICATION,NONE,,,
Josh Cameron,NO_CURRENT_INJURY_FLAG,92,,No current injury flag found in the public CBS listing at retrieval.,https://www.cbssports.com/nfl/injuries/,2026-08-22T17:30:00Z,,RETURN_DATE_NOT_PUBLICATION,NONE,,,
Malik Benson,NO_CURRENT_INJURY_FLAG,92,,No current injury flag found in the public CBS listing at retrieval.,https://www.cbssports.com/nfl/injuries/,2026-08-22T17:30:00Z,,RETURN_DATE_NOT_PUBLICATION,NONE,,,
CJ Daniels,NO_CURRENT_INJURY_FLAG,92,,No current injury flag found in the public CBS listing at retrieval.,https://www.cbssports.com/nfl/injuries/,2026-08-22T17:30:00Z,,RETURN_DATE_NOT_PUBLICATION,NONE,,,
Emmanuel Henderson Jr.,NO_CURRENT_INJURY_FLAG,92,,No current injury flag found in the public CBS listing at retrieval.,https://www.cbssports.com/nfl/injuries/,2026-08-22T17:30:00Z,,RETURN_DATE_NOT_PUBLICATION,NONE,,,
CJ Williams,NO_CURRENT_INJURY_FLAG,92,,No current injury flag found in the public CBS listing at retrieval.,https://www.cbssports.com/nfl/injuries/,2026-08-22T17:30:00Z,,RETURN_DATE_NOT_PUBLICATION,NONE,,,
Lewis Bond,NO_CURRENT_INJURY_FLAG,92,,No current injury flag found in the public CBS listing at retrieval.,https://www.cbssports.com/nfl/injuries/,2026-08-22T17:30:00Z,,RETURN_DATE_NOT_PUBLICATION,NONE,,,
Anthony Smith,NO_CURRENT_INJURY_FLAG,92,,No current injury flag found in the public CBS listing at retrieval.,https://www.cbssports.com/nfl/injuries/,2026-08-22T17:30:00Z,,RETURN_DATE_NOT_PUBLICATION,NONE,,,
Jack Endries,NO_CURRENT_INJURY_FLAG,92,,No current injury flag found in the public CBS listing at retrieval.,https://www.cbssports.com/nfl/injuries/,2026-08-22T17:30:00Z,,RETURN_DATE_NOT_PUBLICATION,NONE,,,
Athan Kaliakmanis,NO_CURRENT_INJURY_FLAG,92,,No current injury flag found in the public CBS listing at retrieval.,https://www.cbssports.com/nfl/injuries/,2026-08-22T17:30:00Z,,RETURN_DATE_NOT_PUBLICATION,NONE,,,
Jaren Kanak,INJURED_RESERVE,25,Pectoral,"Pectoral; IR. Injured Reserve; CBS updated Sun, Aug 16; NFFC Return Date 2/15/2027 is non-publication metadata.",https://www.cbssports.com/nfl/injuries/,2026-08-22T17:30:00Z,2/15/2027,RETURN_DATE_NOT_PUBLICATION,FUTURE_RETURN_DATE_CORROBORATED_BY_CURRENT_CBS,IR Pectoral,"Sun, Aug 16",Pectoral; IR. Injured Reserve
Behren Morton,NO_CURRENT_INJURY_FLAG,92,,No current injury flag found in the public CBS listing at retrieval.,https://www.cbssports.com/nfl/injuries/,2026-08-22T17:30:00Z,,RETURN_DATE_NOT_PUBLICATION,NONE,,,
Seth McGowan,NO_CURRENT_INJURY_FLAG,92,,No current injury flag found in the public CBS listing at retrieval.,https://www.cbssports.com/nfl/injuries/,2026-08-22T17:30:00Z,,RETURN_DATE_NOT_PUBLICATION,NONE,,,
Jam Miller,NO_CURRENT_INJURY_FLAG,92,,No current injury flag found in the public CBS listing at retrieval.,https://www.cbssports.com/nfl/injuries/,2026-08-22T17:30:00Z,,RETURN_DATE_NOT_PUBLICATION,NONE,,,
Carsen Ryan,QUESTIONABLE,68,Foot,"Foot; Questionable for Week 1 at Jacksonville; CBS updated Tue, Aug 18; NFFC Return Date 8/22/2026 is non-publication metadata.",https://www.cbssports.com/nfl/injuries/,2026-08-22T17:30:00Z,8/22/2026,RETURN_DATE_NOT_PUBLICATION,NFFC_SECONDARY_CBS_PRIMARY,QUESTIONABLE Foot,"Tue, Aug 18",Foot; Questionable for Week 1 at Jacksonville
Garrett Nussmeier,NO_CURRENT_INJURY_FLAG,92,,No current injury flag found in the public CBS listing at retrieval.,https://www.cbssports.com/nfl/injuries/,2026-08-22T17:30:00Z,,RETURN_DATE_NOT_PUBLICATION,NONE,,,
Deion Burks,NO_CURRENT_INJURY_FLAG,92,,No current injury flag found in the public CBS listing at retrieval.,https://www.cbssports.com/nfl/injuries/,2026-08-22T17:30:00Z,,RETURN_DATE_NOT_PUBLICATION,NONE,,,
Dallen Bentley,NO_CURRENT_INJURY_FLAG,92,,No current injury flag found in the public CBS listing at retrieval.,https://www.cbssports.com/nfl/injuries/,2026-08-22T17:30:00Z,,RETURN_DATE_NOT_PUBLICATION,NONE,,,
Rashod Bateman,NO_CURRENT_INJURY_FLAG,92,,No current injury flag found in the public CBS listing at retrieval.,https://www.cbssports.com/nfl/injuries/,2026-08-22T17:30:00Z,,RETURN_DATE_NOT_PUBLICATION,NONE,,,
Brandon Aiyuk,RESERVE_LEFT_SQUAD,35,Roster / prior ACL recovery,"Retained as an identifiable market player, but unavailable: NFL.com reports he remains on the reserve/left squad list and that San Francisco expects his tenure to end.",https://www.nfl.com/news/john-lynch-safe-to-say-brandon-aiyuk-has-played-last-snap-with-49ers,2026-08-22T17:30:00Z,,RETURN_DATE_NOT_PUBLICATION,NOT_APPLICABLE_OFFICIAL_NFL_SOURCE,,,
Troy Franklin,NO_CURRENT_INJURY_FLAG,92,,No current injury flag found in the public CBS listing at retrieval.,https://www.cbssports.com/nfl/injuries/,2026-08-22T17:30:00Z,,RETURN_DATE_NOT_PUBLICATION,NONE,,,
Blake Grupe,NO_CURRENT_INJURY_FLAG,92,,No current injury flag found in the public CBS listing at retrieval.,https://www.cbssports.com/nfl/injuries/,2026-08-22T17:30:00Z,,RETURN_DATE_NOT_PUBLICATION,NONE,,,
Cincinnati Bengals,NO_CURRENT_INJURY_FLAG,92,,No current injury flag found in the public CBS listing at retrieval.,https://www.cbssports.com/nfl/injuries/,2026-08-22T17:30:00Z,,RETURN_DATE_NOT_PUBLICATION,NONE,,,
Atlanta Falcons,NO_CURRENT_INJURY_FLAG,92,,No current injury flag found in the public CBS listing at retrieval.,https://www.cbssports.com/nfl/injuries/,2026-08-22T17:30:00Z,,RETURN_DATE_NOT_PUBLICATION,NONE,,,
