season,adp_name,adp_team,adp_overall,ppr_points,ppr_ppg,adp_residual_ppr,workload_residual_ppr,prior_carries,prior_targets,prior_touch_share,prior_i20_share,prior_i10_share,prior_i5_share,prior_highest_teammate_i20_name,prior_highest_teammate_i20_position,prior_highest_teammate_i20_share,prior_highest_teammate_i20_rush_tds,prior_highest_teammate_i10_name,prior_highest_teammate_i10_position,prior_highest_teammate_i10_share,prior_highest_teammate_i10_rush_tds,prior_highest_teammate_i5_name,prior_highest_teammate_i5_position,prior_highest_teammate_i5_share,prior_highest_teammate_i5_rush_tds,prior_highest_other_rb_i5_share,prior_non_rb_i10_share,prior_non_rb_i5_share,prior_qb_i5_share,prior_te_hybrid_i5_share,prior_short_yardage_specialist,prior_specialist_name,prior_specialist_position,prior_rb_i5_hhi
2023,Rashaad Penny,PHI,97.300000,4.800000,1.600000,-129.234085,-107.254648,57.000000,5.000000,0.075123,0.073529,0.047619,0.000000,Kenneth Walker,RB,0.750000,7.000000,Kenneth Walker,RB,0.761905,2.000000,Kenneth Walker,RB,1.000000,2.000000,1.000000,0.095238,0.000000,0.000000,0.000000,1.000000,Kenneth Walker,RB,1.000000
2025,Justice Hill,BAL,167.300000,65.200000,8.150000,-0.811397,-15.899304,47.000000,51.000000,0.103609,0.067416,0.066667,0.043478,Derrick Henry,RB,0.629213,13.000000,Derrick Henry,RB,0.711111,13.000000,Derrick Henry,RB,0.869565,10.000000,0.869565,0.222222,0.086957,0.086957,0.000000,1.000000,Derrick Henry,RB,0.909297
2025,Keaton Mitchell,LAC,174.300000,55.400000,4.616667,-3.804747,8.148895,15.000000,1.000000,0.018626,0.000000,0.000000,0.000000,Derrick Henry,RB,0.629213,13.000000,Derrick Henry,RB,0.711111,13.000000,Derrick Henry,RB,0.869565,10.000000,0.869565,0.222222,0.086957,0.086957,0.000000,1.000000,Derrick Henry,RB,0.909297
2023,Zamir White,LV,153.700000,75.900000,5.838462,5.706641,8.828964,17.000000,0.000000,0.021711,0.035088,0.000000,0.000000,Josh Jacobs,RB,0.771930,10.000000,Josh Jacobs,RB,0.857143,8.000000,Josh Jacobs,RB,0.866667,5.000000,0.866667,0.035714,0.000000,0.000000,0.000000,1.000000,Josh Jacobs,RB,0.768889
2025,Braelon Allen,NYJ,148.000000,17.300000,4.325000,-67.478304,-89.517262,92.000000,27.000000,0.148794,0.244444,0.263158,0.153846,Breece Hall,RB,0.577778,5.000000,Breece Hall,RB,0.684211,3.000000,Breece Hall,RB,0.846154,3.000000,0.846154,0.052632,0.000000,0.000000,0.000000,1.000000,Breece Hall,RB,0.739645
2024,Chase Brown,CIN,91.900000,255.000000,15.937500,113.441154,111.212577,44.000000,15.000000,0.073698,0.090909,0.021739,0.000000,Joe Mixon,RB,0.766234,9.000000,Joe Mixon,RB,0.826087,8.000000,Joe Mixon,RB,0.840000,7.000000,0.840000,0.130435,0.160000,0.160000,0.000000,1.000000,Joe Mixon,RB,1.000000
2022,Nyheim Hines,BUF,93.900000,0.000000,0.000000,-145.691169,-134.030127,56.000000,57.000000,0.118372,0.045872,0.040000,0.000000,Jonathan Taylor,RB,0.816514,14.000000,Jonathan Taylor,RB,0.820000,13.000000,Jonathan Taylor,RB,0.833333,12.000000,0.833333,0.120000,0.138889,0.138889,0.000000,1.000000,Jonathan Taylor,RB,0.937565
2023,D'Andre Swift,PHI,75.900000,201.300000,12.581250,43.042661,43.555932,100.000000,70.000000,0.173709,0.250000,0.187500,0.116279,Jamaal Williams,RB,0.590000,16.000000,Jamaal Williams,RB,0.718750,15.000000,Jamaal Williams,RB,0.790698,14.000000,0.790698,0.046875,0.046512,0.023256,0.023256,1.000000,Jamaal Williams,RB,0.704938
2024,Tyjae Spears,TEN,91.400000,113.600000,9.466667,-28.463441,-21.957550,100.000000,70.000000,0.207367,0.196429,0.156250,0.142857,Derrick Henry,RB,0.660714,10.000000,Derrick Henry,RB,0.750000,8.000000,Derrick Henry,RB,0.761905,7.000000,0.761905,0.093750,0.095238,0.095238,0.000000,1.000000,Derrick Henry,RB,0.734072
2023,Aaron Jones Sr.,GB,38.900000,136.900000,12.445455,-63.238667,-69.493958,213.000000,73.000000,0.337888,0.469697,0.321429,0.214286,A.J. Dillon,RB,0.424242,6.000000,A.J. Dillon,RB,0.607143,5.000000,A.J. Dillon,RB,0.714286,4.000000,0.714286,0.035714,0.071429,0.071429,0.000000,1.000000,A.J. Dillon,RB,0.644970
2024,J.K. Dobbins,LAC,116.200000,190.800000,14.676923,73.764490,112.012829,8.000000,3.000000,0.011669,0.008850,0.016393,0.029412,Gus Edwards,RB,0.353982,13.000000,Gus Edwards,RB,0.508197,13.000000,Gus Edwards,RB,0.705882,12.000000,0.705882,0.245902,0.147059,0.147059,0.000000,1.000000,Gus Edwards,RB,0.705113
2023,Tony Pollard,DAL,15.200000,222.600000,13.094118,-4.365355,-13.248369,193.000000,55.000000,0.265750,0.302632,0.285714,0.259259,Ezekiel Elliott,RB,0.513158,12.000000,Ezekiel Elliott,RB,0.619048,11.000000,Ezekiel Elliott,RB,0.703704,9.000000,0.703704,0.071429,0.037037,0.000000,0.037037,1.000000,Ezekiel Elliott,RB,0.606509
2025,Jaylen Wright,MIA,171.800000,50.200000,5.577778,-11.435693,-32.362033,68.000000,6.000000,0.083138,0.070423,0.000000,0.000000,De'Von Achane,RB,0.535211,5.000000,De'Von Achane,RB,0.589744,4.000000,De'Von Achane,RB,0.700000,3.000000,0.700000,0.076923,0.050000,0.050000,0.000000,1.000000,De'Von Achane,RB,0.590028
2024,De'Von Achane,MIA,21.400000,299.900000,17.641176,87.193204,93.280593,103.000000,37.000000,0.156250,0.244681,0.200000,0.166667,Raheem Mostert,RB,0.500000,16.000000,Raheem Mostert,RB,0.600000,13.000000,Raheem Mostert,RB,0.666667,12.000000,0.666667,0.072727,0.100000,0.066667,0.033333,1.000000,Raheem Mostert,RB,0.585734
2025,Tyler Allgeier,ARI,154.500000,123.000000,7.235294,44.542157,52.543675,138.000000,13.000000,0.178066,0.288889,0.274510,0.259259,Bijan Robinson,RB,0.677778,13.000000,Bijan Robinson,RB,0.686275,12.000000,Bijan Robinson,RB,0.666667,11.000000,0.666667,0.039216,0.074074,0.074074,0.000000,1.000000,Bijan Robinson,RB,0.596800
2022,Alexander Mattison,MIN,128.900000,88.400000,5.200000,-20.728408,-39.398238,135.000000,39.000000,0.198337,0.355556,0.300000,0.192308,Dalvin Cook,RB,0.522222,5.000000,Dalvin Cook,RB,0.560000,4.000000,Dalvin Cook,RB,0.653846,3.000000,0.653846,0.040000,0.038462,0.038462,0.000000,1.000000,Dalvin Cook,RB,0.510400
2025,Trey Benson,ARI,142.200000,35.400000,8.850000,-55.018100,-66.061142,63.000000,6.000000,0.082833,0.036585,0.029412,0.043478,James Conner,RB,0.658537,8.000000,James Conner,RB,0.705882,8.000000,James Conner,RB,0.652174,6.000000,0.652174,0.176471,0.173913,0.130435,0.043478,1.000000,James Conner,RB,0.650970
2024,Zach Charbonnet,SEA,130.700000,182.100000,10.711765,79.697756,63.263801,108.000000,40.000000,0.189771,0.314286,0.351351,0.260870,Kenneth Walker,RB,0.542857,7.000000,Kenneth Walker,RB,0.513514,6.000000,Kenneth Walker,RB,0.652174,5.000000,0.652174,0.135135,0.086957,0.043478,0.043478,1.000000,Kenneth Walker,RB,0.591837
2023,Rachaad White,TB,68.100000,271.900000,15.994118,104.813624,67.781814,130.000000,58.000000,0.207135,0.250000,0.200000,0.235294,Leonard Fournette,RB,0.562500,3.000000,Leonard Fournette,RB,0.633333,3.000000,Leonard Fournette,RB,0.647059,3.000000,0.647059,0.133333,0.117647,0.117647,0.000000,1.000000,Leonard Fournette,RB,0.608889
2023,Jerome Ford,CLE,157.400000,211.200000,12.423529,145.194774,148.232413,8.000000,0.000000,0.009368,0.000000,0.000000,0.000000,Nick Chubb,RB,0.525000,9.000000,Nick Chubb,RB,0.567568,7.000000,Nick Chubb,RB,0.619048,6.000000,0.619048,0.108108,0.142857,0.142857,0.000000,1.000000,Nick Chubb,RB,0.598765
2023,Samaje Perine,DEN,99.300000,125.300000,7.370588,-6.470230,-5.356457,96.000000,51.000000,0.168766,0.240000,0.148936,0.071429,Joe Mixon,RB,0.520000,7.000000,Joe Mixon,RB,0.617021,6.000000,Joe Mixon,RB,0.607143,6.000000,0.607143,0.234043,0.321429,0.285714,0.035714,1.000000,Joe Mixon,RB,0.811634
2022,Tony Pollard,DAL,70.800000,248.800000,15.550000,78.977409,58.114062,130.000000,47.000000,0.187361,0.200000,0.083333,0.071429,Ezekiel Elliott,RB,0.512500,10.000000,Ezekiel Elliott,RB,0.555556,7.000000,Ezekiel Elliott,RB,0.607143,7.000000,0.607143,0.333333,0.285714,0.214286,0.071429,1.000000,Ezekiel Elliott,RB,0.735000
2023,Alexander Mattison,MIN,56.900000,137.200000,8.575000,-42.563967,-36.712512,74.000000,18.000000,0.105701,0.200000,0.266667,0.142857,Dalvin Cook,RB,0.600000,6.000000,Dalvin Cook,RB,0.533333,6.000000,Dalvin Cook,RB,0.607143,6.000000,0.607143,0.155556,0.178571,0.142857,0.035714,1.000000,Dalvin Cook,RB,0.584121
2025,Isiah Pacheco,DET,66.800000,87.300000,6.715385,-76.435447,-47.412589,83.000000,16.000000,0.114183,0.121951,0.125000,0.107143,Kareem Hunt,RB,0.524390,7.000000,Kareem Hunt,RB,0.600000,7.000000,Kareem Hunt,RB,0.607143,6.000000,0.607143,0.100000,0.107143,0.035714,0.071429,1.000000,Kareem Hunt,RB,0.504000
2022,Chase Edmonds,DEN,69.600000,0.000000,0.000000,-171.076172,-169.632454,116.000000,53.000000,0.177852,0.202020,0.218182,0.166667,James Conner,RB,0.424242,15.000000,James Conner,RB,0.509091,12.000000,James Conner,RB,0.600000,10.000000,0.600000,0.254545,0.233333,0.166667,0.066667,1.000000,James Conner,RB,0.659735
2024,Rico Dowdle,DAL,118.900000,201.800000,12.612500,87.489305,64.667142,89.000000,22.000000,0.121143,0.146789,0.115385,0.133333,Tony Pollard,RB,0.568807,5.000000,Tony Pollard,RB,0.596154,5.000000,Tony Pollard,RB,0.600000,3.000000,0.600000,0.230769,0.166667,0.100000,0.066667,1.000000,Tony Pollard,RB,0.552000
2023,Damien Harris,BUF,110.600000,19.000000,3.166667,-99.979446,-83.736194,106.000000,23.000000,0.161629,0.209677,0.187500,0.200000,Rhamondre Stevenson,RB,0.516129,3.000000,Rhamondre Stevenson,RB,0.593750,3.000000,Rhamondre Stevenson,RB,0.600000,2.000000,0.600000,0.125000,0.100000,0.050000,0.050000,1.000000,Rhamondre Stevenson,RB,0.500000
2022,Rhamondre Stevenson,NE,76.000000,251.100000,14.770588,86.709590,87.917036,133.000000,18.000000,0.175627,0.252525,0.215686,0.214286,Damien Harris,RB,0.464646,13.000000,Damien Harris,RB,0.588235,11.000000,Damien Harris,RB,0.571429,9.000000,0.571429,0.039216,0.000000,0.000000,0.000000,1.000000,Damien Harris,RB,0.395408
2022,J.D. McKissic,WAS,110.200000,53.800000,6.725000,-74.863369,-84.696928,49.000000,54.000000,0.111111,0.084337,0.104167,0.125000,Antonio Gibson,RB,0.578313,7.000000,Antonio Gibson,RB,0.541667,6.000000,Antonio Gibson,RB,0.562500,6.000000,0.562500,0.250000,0.218750,0.218750,0.000000,1.000000,Antonio Gibson,RB,0.552000
2024,Ty Chandler,MIN,130.300000,28.400000,2.840000,-74.405920,-97.906432,102.000000,25.000000,0.151665,0.203704,0.178571,0.187500,Alexander Mattison,RB,0.444444,0.000000,Alexander Mattison,RB,0.428571,0.000000,Alexander Mattison,RB,0.562500,0.000000,0.562500,0.285714,0.187500,0.187500,0.000000,1.000000,Alexander Mattison,RB,0.538462
2022,Clyde Edwards-Helaire,KC,54.300000,98.300000,10.922222,-88.759321,-91.523302,119.000000,24.000000,0.160465,0.166667,0.166667,0.120000,Darrel Williams,RB,0.404762,6.000000,Darrel Williams,RB,0.476190,6.000000,Darrel Williams,RB,0.560000,6.000000,0.560000,0.261905,0.200000,0.080000,0.120000,1.000000,Darrel Williams,RB,0.525000
2024,Rhamondre Stevenson,NE,62.000000,177.500000,11.833333,5.766350,2.294460,156.000000,51.000000,0.254593,0.413043,0.400000,0.333333,Ezekiel Elliott,RB,0.478261,3.000000,Ezekiel Elliott,RB,0.550000,3.000000,Ezekiel Elliott,RB,0.555556,2.000000,0.555556,0.050000,0.111111,0.111111,0.000000,1.000000,Ezekiel Elliott,RB,0.531250
2024,Jaylen Warren,PIT,79.600000,126.100000,8.406667,-27.871893,-25.990395,149.000000,74.000000,0.266160,0.260274,0.205128,0.227273,Najee Harris,RB,0.616438,8.000000,Najee Harris,RB,0.615385,8.000000,Najee Harris,RB,0.545455,5.000000,0.545455,0.179487,0.227273,0.227273,0.000000,1.000000,Najee Harris,RB,0.584775
2025,Tyjae Spears,TEN,139.000000,111.700000,8.592308,18.170288,3.954581,84.000000,35.000000,0.145408,0.190476,0.230769,0.363636,Tony Pollard,RB,0.539683,3.000000,Tony Pollard,RB,0.576923,3.000000,Tony Pollard,RB,0.545455,2.000000,0.545455,0.153846,0.000000,0.000000,0.000000,1.000000,Tony Pollard,RB,0.438017
2024,Elijah Mitchell,SF,129.800000,0.000000,0.000000,-103.310515,-115.542104,75.000000,8.000000,0.099877,0.152381,0.214286,0.264706,Christian McCaffrey,RB,0.619048,13.000000,Christian McCaffrey,RB,0.607143,11.000000,Christian McCaffrey,RB,0.529412,9.000000,0.529412,0.107143,0.147059,0.088235,0.058824,1.000000,Christian McCaffrey,RB,0.483948
2024,Jordan Mason,SF,149.100000,116.900000,9.741667,33.066867,17.773859,40.000000,4.000000,0.053021,0.047619,0.035714,0.029412,Christian McCaffrey,RB,0.619048,13.000000,Christian McCaffrey,RB,0.607143,11.000000,Christian McCaffrey,RB,0.529412,9.000000,0.529412,0.107143,0.147059,0.088235,0.058824,1.000000,Christian McCaffrey,RB,0.483948
2022,Cam Akers,LAR,33.100000,145.300000,9.686667,-63.905908,-43.655866,5.000000,3.000000,0.009889,0.024390,0.000000,0.000000,Sony Michel,RB,0.560976,4.000000,Sony Michel,RB,0.600000,4.000000,Darrell Henderson,RB,0.529412,5.000000,0.529412,0.075000,0.058824,0.058824,0.000000,1.000000,Darrell Henderson,RB,0.507812
2024,Jahmyr Gibbs,DET,9.400000,354.800000,20.870588,129.982915,110.399345,182.000000,72.000000,0.263811,0.355140,0.344262,0.305556,David Montgomery,RB,0.495327,11.000000,David Montgomery,RB,0.508197,11.000000,David Montgomery,RB,0.527778,9.000000,0.527778,0.065574,0.055556,0.055556,0.000000,1.000000,David Montgomery,RB,0.430796
2024,Zamir White,LV,67.800000,33.300000,4.162500,-132.580344,-127.470337,104.000000,19.000000,0.159091,0.231884,0.184211,0.157895,Josh Jacobs,RB,0.550725,5.000000,Josh Jacobs,RB,0.578947,5.000000,Josh Jacobs,RB,0.526316,5.000000,0.526316,0.157895,0.263158,0.210526,0.052632,1.000000,Josh Jacobs,RB,0.561224
2023,Chuba Hubbard,CAR,160.700000,182.500000,10.735294,120.230136,124.029921,95.000000,17.000000,0.145917,0.200000,0.138889,0.047619,D'Onta Foreman,RB,0.450000,5.000000,D'Onta Foreman,RB,0.472222,3.000000,D'Onta Foreman,RB,0.523810,3.000000,0.523810,0.222222,0.285714,0.142857,0.000000,1.000000,D'Onta Foreman,RB,0.564444
2025,Travis Etienne Jr.,NO,101.200000,253.900000,14.935294,123.614377,139.833545,150.000000,52.000000,0.252000,0.300000,0.250000,0.227273,Tank Bigsby,RB,0.500000,6.000000,Tank Bigsby,RB,0.525000,5.000000,Tank Bigsby,RB,0.500000,4.000000,0.500000,0.150000,0.227273,0.227273,0.000000,1.000000,Tank Bigsby,RB,0.508651
2023,Zack Moss,IND,163.000000,167.600000,11.971429,107.933570,67.375816,93.000000,13.000000,0.096270,0.210526,0.212121,0.166667,Jonathan Taylor,RB,0.421053,3.000000,Jonathan Taylor,RB,0.484848,3.000000,Jonathan Taylor,RB,0.500000,3.000000,0.500000,0.242424,0.222222,0.166667,0.000000,1.000000,Jonathan Taylor,RB,0.469388
2025,Rachaad White,WAS,138.400000,143.000000,8.411765,48.886861,41.285625,144.000000,57.000000,0.221843,0.276316,0.309524,0.307692,Bucky Irving,RB,0.500000,8.000000,Bucky Irving,RB,0.523810,6.000000,Bucky Irving,RB,0.500000,4.000000,0.500000,0.095238,0.076923,0.076923,0.000000,1.000000,Bucky Irving,RB,0.420139
2024,Nick Chubb,CLE,65.000000,65.300000,8.162500,-103.406078,-95.650294,28.000000,4.000000,0.036824,0.038462,0.052632,0.000000,Kareem Hunt,RB,0.448718,9.000000,Kareem Hunt,RB,0.394737,8.000000,Kareem Hunt,RB,0.480000,7.000000,0.480000,0.157895,0.160000,0.160000,0.000000,1.000000,Kareem Hunt,RB,0.428571
2024,Jerome Ford,CLE,98.500000,134.000000,9.571429,-0.898187,-47.821602,206.000000,63.000000,0.287687,0.230769,0.315789,0.240000,Kareem Hunt,RB,0.448718,9.000000,Kareem Hunt,RB,0.394737,8.000000,Kareem Hunt,RB,0.480000,7.000000,0.480000,0.157895,0.160000,0.160000,0.000000,1.000000,Kareem Hunt,RB,0.428571
2022,Kareem Hunt,CLE,68.900000,126.800000,7.458824,-45.007427,-36.914916,79.000000,27.000000,0.127204,0.195652,0.186047,0.217391,Nick Chubb,RB,0.445652,5.000000,Nick Chubb,RB,0.511628,4.000000,Nick Chubb,RB,0.478261,4.000000,0.478261,0.093023,0.130435,0.043478,0.086957,1.000000,Nick Chubb,RB,0.380000
2022,Javonte Williams,DEN,20.200000,44.000000,11.000000,-178.681897,-173.831327,203.000000,53.000000,0.306351,0.364706,0.466667,0.434783,Melvin Gordon,RB,0.470588,6.000000,Melvin Gordon,RB,0.466667,5.000000,Melvin Gordon,RB,0.478261,4.000000,0.478261,0.066667,0.086957,0.086957,0.000000,1.000000,Melvin Gordon,RB,0.501134
2025,Ray Davis,BUF,155.900000,58.100000,5.810000,-18.996513,-34.922030,113.000000,19.000000,0.162500,0.172727,0.116667,0.093750,James Cook,RB,0.436364,12.000000,James Cook,RB,0.483333,11.000000,James Cook,RB,0.468750,7.000000,0.468750,0.333333,0.343750,0.343750,0.000000,1.000000,James Cook,RB,0.541950
2025,Kenneth Walker,KC,44.000000,191.900000,11.288235,5.994321,28.037829,153.000000,53.000000,0.254151,0.389831,0.428571,0.428571,Zach Charbonnet,RB,0.406780,6.000000,Zach Charbonnet,RB,0.485714,6.000000,Zach Charbonnet,RB,0.464286,4.000000,0.464286,0.085714,0.107143,0.107143,0.000000,1.000000,Zach Charbonnet,RB,0.500800
2023,Jaylen Warren,PIT,119.800000,200.400000,11.788235,91.834290,87.118893,77.000000,33.000000,0.122807,0.166667,0.100000,0.076923,Najee Harris,RB,0.538462,7.000000,Najee Harris,RB,0.550000,6.000000,Najee Harris,RB,0.461538,4.000000,0.461538,0.275000,0.384615,0.307692,0.038462,1.000000,Najee Harris,RB,0.585938
2025,Jaylen Warren,PIT,76.300000,217.100000,13.568750,62.602150,66.270422,120.000000,47.000000,0.188095,0.182796,0.122449,0.153846,Najee Harris,RB,0.548387,5.000000,Najee Harris,RB,0.530612,5.000000,Najee Harris,RB,0.461538,3.000000,0.461538,0.306122,0.307692,0.307692,0.000000,1.000000,Najee Harris,RB,0.500000
2025,Jahmyr Gibbs,DET,5.100000,368.600000,21.682353,144.868793,138.035448,250.000000,63.000000,0.329694,0.457627,0.393939,0.435897,David Montgomery,RB,0.423729,12.000000,David Montgomery,RB,0.515152,11.000000,David Montgomery,RB,0.461538,8.000000,0.461538,0.045455,0.076923,0.051282,0.025641,1.000000,David Montgomery,RB,0.473765
2023,Miles Sanders,CAR,52.900000,91.600000,5.725000,-92.691678,-96.148473,260.000000,26.000000,0.320000,0.396825,0.360000,0.312500,Jalen Hurts,QB,0.341270,11.000000,Jalen Hurts,QB,0.373333,11.000000,Jalen Hurts,QB,0.458333,9.000000,0.145833,0.413333,0.479167,0.479167,0.000000,1.000000,Jalen Hurts,QB,0.452800
2024,D'Andre Swift,CHI,56.500000,212.500000,12.500000,35.215800,58.393534,229.000000,49.000000,0.308046,0.355140,0.415385,0.400000,Jalen Hurts,QB,0.383178,15.000000,Jalen Hurts,QB,0.400000,14.000000,Jalen Hurts,QB,0.457143,13.000000,0.114286,0.400000,0.457143,0.457143,0.000000,1.000000,Jalen Hurts,QB,0.590028
2025,Saquon Barkley,PHI,2.500000,232.300000,14.518750,6.040608,19.047546,348.000000,43.000000,0.421927,0.463768,0.455882,0.434783,Jalen Hurts,QB,0.326087,14.000000,Jalen Hurts,QB,0.397059,13.000000,Jalen Hurts,QB,0.456522,11.000000,0.065217,0.426471,0.500000,0.500000,0.000000,1.000000,Jalen Hurts,QB,0.773157
2025,Will Shipley,PHI,151.200000,19.500000,2.437500,-62.166693,-72.686385,30.000000,4.000000,0.037652,0.021739,0.000000,0.000000,Saquon Barkley,RB,0.463768,6.000000,Saquon Barkley,RB,0.455882,4.000000,Jalen Hurts,QB,0.456522,11.000000,0.434783,0.426471,0.500000,0.500000,0.000000,1.000000,Jalen Hurts,QB,0.773157
2023,James Cook III,BUF,77.600000,236.700000,13.923529,80.366938,85.103616,89.000000,32.000000,0.142487,0.164557,0.105263,0.000000,Devin Singletary,RB,0.443038,4.000000,Devin Singletary,RB,0.447368,4.000000,Devin Singletary,RB,0.454545,4.000000,0.454545,0.394737,0.500000,0.454545,0.045455,1.000000,Devin Singletary,RB,0.834711
2023,Devin Singletary,HOU,130.700000,163.100000,10.193750,66.872303,62.827230,177.000000,52.000000,0.278497,0.443038,0.447368,0.454545,Josh Allen,QB,0.303797,6.000000,Josh Allen,QB,0.342105,5.000000,Josh Allen,QB,0.454545,5.000000,0.045455,0.394737,0.500000,0.454545,0.045455,1.000000,Josh Allen,QB,0.834711
2024,Jaleel McLaughlin,DEN,126.600000,99.200000,6.200000,-7.339926,-13.733382,76.000000,36.000000,0.138065,0.086420,0.102564,0.090909,Javonte Williams,RB,0.543210,3.000000,Javonte Williams,RB,0.487179,3.000000,Javonte Williams,RB,0.454545,3.000000,0.454545,0.205128,0.272727,0.272727,0.000000,1.000000,Javonte Williams,RB,0.445312
2024,Antonio Gibson,NE,158.600000,103.300000,6.076471,29.054179,34.280231,65.000000,59.000000,0.147906,0.150000,0.035714,0.050000,Brian Robinson,RB,0.466667,5.000000,Brian Robinson,RB,0.500000,3.000000,Brian Robinson,RB,0.450000,2.000000,0.450000,0.285714,0.300000,0.250000,0.050000,1.000000,Brian Robinson,RB,0.469388
2022,Aaron Jones Sr.,GB,14.900000,252.600000,14.858824,24.381456,17.277249,171.000000,65.000000,0.268999,0.362637,0.340909,0.320000,A.J. Dillon,RB,0.450549,5.000000,A.J. Dillon,RB,0.477273,5.000000,A.J. Dillon,RB,0.440000,4.000000,0.440000,0.113636,0.160000,0.160000,0.000000,1.000000,A.J. Dillon,RB,0.428571
2024,Bijan Robinson,ATL,4.900000,339.700000,19.982353,110.341556,106.773511,214.000000,86.000000,0.323424,0.277108,0.324324,0.187500,Tyler Allgeier,RB,0.445783,3.000000,Tyler Allgeier,RB,0.297297,3.000000,Tyler Allgeier,RB,0.437500,3.000000,0.437500,0.243243,0.250000,0.125000,0.125000,1.000000,Tyler Allgeier,RB,0.430556
2025,David Montgomery,HOU,60.300000,162.800000,9.576471,-7.255908,12.324179,186.000000,38.000000,0.242358,0.423729,0.515152,0.461538,Jahmyr Gibbs,RB,0.457627,12.000000,Jahmyr Gibbs,RB,0.393939,10.000000,Jahmyr Gibbs,RB,0.435897,9.000000,0.435897,0.045455,0.076923,0.051282,0.025641,1.000000,Jahmyr Gibbs,RB,0.473765
2024,Aaron Jones Sr.,MIN,46.000000,247.600000,14.564706,59.719297,96.509305,142.000000,43.000000,0.214197,0.387097,0.277778,0.304348,AJ Dillon,RB,0.387097,2.000000,AJ Dillon,RB,0.500000,2.000000,AJ Dillon,RB,0.434783,2.000000,0.434783,0.194444,0.217391,0.173913,0.043478,1.000000,AJ Dillon,RB,0.462963
2022,Melvin Gordon III,KC,85.400000,0.000000,0.000000,-154.570697,-143.699569,203.000000,38.000000,0.287671,0.470588,0.466667,0.478261,Javonte Williams,RB,0.364706,4.000000,Javonte Williams,RB,0.466667,4.000000,Javonte Williams,RB,0.434783,3.000000,0.434783,0.066667,0.086957,0.086957,0.000000,1.000000,Javonte Williams,RB,0.501134
2025,Zach Charbonnet,SEA,99.400000,179.400000,11.212500,47.364095,27.562920,135.000000,52.000000,0.226054,0.406780,0.485714,0.464286,Kenneth Walker III,RB,0.389831,5.000000,Kenneth Walker III,RB,0.428571,4.000000,Kenneth Walker III,RB,0.428571,4.000000,0.428571,0.085714,0.107143,0.107143,0.000000,1.000000,Kenneth Walker III,RB,0.500800
2022,Jamaal Williams,DET,121.700000,227.900000,13.405882,111.250110,100.601307,153.000000,28.000000,0.217762,0.428571,0.344828,0.357143,D'Andre Swift,RB,0.357143,4.000000,D'Andre Swift,RB,0.379310,3.000000,D'Andre Swift,RB,0.428571,2.000000,0.428571,0.103448,0.071429,0.071429,0.000000,1.000000,D'Andre Swift,RB,0.384615
2022,Devin Singletary,BUF,74.400000,183.900000,11.493750,17.838150,-4.495268,188.000000,50.000000,0.266979,0.363636,0.310345,0.333333,Josh Allen,QB,0.309091,6.000000,Josh Allen,QB,0.327586,5.000000,Josh Allen,QB,0.416667,3.000000,0.208333,0.379310,0.458333,0.458333,0.000000,1.000000,Josh Allen,QB,0.526627
2023,David Montgomery,DET,76.800000,207.200000,14.800000,49.961396,103.470659,201.000000,40.000000,0.305592,0.395349,0.380952,0.166667,Justin Fields,QB,0.279070,5.000000,Justin Fields,QB,0.333333,5.000000,Justin Fields,QB,0.416667,5.000000,0.333333,0.333333,0.416667,0.416667,0.000000,1.000000,Justin Fields,QB,0.428571
2023,Khalil Herbert,CHI,94.400000,112.500000,9.375000,-24.816676,-9.535863,129.000000,12.000000,0.179454,0.232558,0.190476,0.333333,David Montgomery,RB,0.395349,5.000000,David Montgomery,RB,0.380952,5.000000,Justin Fields,QB,0.416667,5.000000,0.166667,0.333333,0.416667,0.416667,0.000000,1.000000,Justin Fields,QB,0.428571
2023,Brian Robinson,WAS,94.200000,200.100000,13.340000,62.556939,44.786894,205.000000,12.000000,0.245413,0.296296,0.325581,0.375000,Antonio Gibson,RB,0.320988,3.000000,Antonio Gibson,RB,0.372093,3.000000,Antonio Gibson,RB,0.416667,3.000000,0.416667,0.209302,0.166667,0.166667,0.000000,1.000000,Antonio Gibson,RB,0.455000
2022,Darrell Henderson Jr.,JAX,111.900000,0.000000,0.000000,-126.887463,-127.870676,149.000000,40.000000,0.220025,0.317073,0.325000,0.529412,Sony Michel,RB,0.560976,4.000000,Sony Michel,RB,0.600000,4.000000,Sony Michel,RB,0.411765,4.000000,0.411765,0.075000,0.058824,0.058824,0.000000,1.000000,Sony Michel,RB,0.507812
2023,Cordarrelle Patterson,ATL,132.400000,36.900000,3.354545,-57.403420,-48.313453,144.000000,31.000000,0.204461,0.274336,0.255319,0.296296,Tyler Allgeier,RB,0.353982,3.000000,Tyler Allgeier,RB,0.382979,3.000000,Tyler Allgeier,RB,0.407407,3.000000,0.407407,0.170213,0.185185,0.185185,0.000000,1.000000,Tyler Allgeier,RB,0.400826
2023,Javonte Williams,DEN,72.800000,177.200000,11.075000,15.433684,28.416020,47.000000,23.000000,0.080666,0.097561,0.137931,0.100000,M.Gordon,UNK,0.341463,2.000000,Latavius Murray,RB,0.379310,5.000000,M.Gordon,UNK,0.400000,2.000000,0.350000,0.448276,0.500000,0.100000,0.000000,1.000000,M.Gordon,UNK,0.540000
2024,James Cook III,BUF,30.300000,266.700000,16.668750,62.975002,45.950648,237.000000,54.000000,0.321143,0.308411,0.281250,0.142857,Josh Allen,QB,0.327103,15.000000,Josh Allen,QB,0.328125,12.000000,Josh Allen,QB,0.400000,8.000000,0.342857,0.359375,0.400000,0.400000,0.000000,1.000000,Josh Allen,QB,0.405896
2025,Austin Ekeler,FA,84.300000,13.100000,6.550000,-133.618822,-110.882332,77.000000,41.000000,0.127273,0.161290,0.164179,0.151515,Brian Robinson,RB,0.338710,7.000000,Brian Robinson,RB,0.358209,7.000000,Brian Robinson,RB,0.393939,4.000000,0.393939,0.238806,0.303030,0.303030,0.000000,1.000000,Brian Robinson,RB,0.391304
2025,Chris Rodriguez Jr.,JAX,148.000000,92.000000,7.666667,7.221696,24.219299,35.000000,1.000000,0.040909,0.088710,0.119403,0.060606,Brian Robinson,RB,0.338710,7.000000,Brian Robinson,RB,0.358209,7.000000,Brian Robinson,RB,0.393939,4.000000,0.393939,0.238806,0.303030,0.303030,0.000000,1.000000,Brian Robinson,RB,0.391304
2024,Zack Moss,CIN,74.400000,83.900000,10.487500,-75.319685,-49.959251,183.000000,39.000000,0.255474,0.404040,0.446809,0.354839,Jonathan Taylor,RB,0.343434,6.000000,Jonathan Taylor,RB,0.297872,6.000000,Jonathan Taylor,RB,0.387097,6.000000,0.387097,0.234043,0.258065,0.225806,0.000000,1.000000,Jonathan Taylor,RB,0.500945
2025,D'Andre Swift,CHI,56.800000,231.700000,14.481250,58.240767,53.184694,253.000000,53.000000,0.382124,0.534483,0.545455,0.416667,Roschon Johnson,RB,0.241379,6.000000,Roschon Johnson,RB,0.303030,6.000000,Roschon Johnson,RB,0.375000,6.000000,0.375000,0.151515,0.208333,0.041667,0.000000,1.000000,Roschon Johnson,RB,0.501385
2023,Antonio Gibson,WAS,88.900000,131.400000,8.212500,-12.142278,-25.020827,149.000000,58.000000,0.223624,0.320988,0.372093,0.416667,Brian Robinson,RB,0.296296,2.000000,Brian Robinson,RB,0.325581,2.000000,Brian Robinson,RB,0.375000,2.000000,0.375000,0.209302,0.166667,0.166667,0.000000,1.000000,Brian Robinson,RB,0.455000
2025,Tony Pollard,TEN,56.800000,191.800000,11.282353,18.340767,14.462759,261.000000,57.000000,0.385204,0.539683,0.576923,0.545455,Tyjae Spears,RB,0.190476,4.000000,Tyjae Spears,RB,0.230769,3.000000,Tyjae Spears,RB,0.363636,2.000000,0.363636,0.153846,0.000000,0.000000,0.000000,1.000000,Tyjae Spears,RB,0.438017
2022,D'Andre Swift,DET,12.800000,187.700000,13.407143,-42.712309,-52.032769,151.000000,78.000000,0.259124,0.357143,0.379310,0.428571,Jamaal Williams,RB,0.428571,3.000000,Jamaal Williams,RB,0.344828,3.000000,Jamaal Williams,RB,0.357143,3.000000,0.357143,0.103448,0.071429,0.071429,0.000000,1.000000,Jamaal Williams,RB,0.384615
2024,Jonathan Taylor,IND,9.800000,246.700000,17.621429,22.286591,31.240508,169.000000,23.000000,0.228710,0.343434,0.297872,0.387097,Zack Moss,RB,0.404040,4.000000,Zack Moss,RB,0.446809,3.000000,Zack Moss,RB,0.354839,3.000000,0.354839,0.234043,0.258065,0.225806,0.000000,1.000000,Zack Moss,RB,0.500945
2023,Jerick McKinnon,KC,111.300000,80.200000,6.683333,-37.987096,-63.546855,72.000000,72.000000,0.152381,0.224719,0.155556,0.172414,Isiah Pacheco,RB,0.348315,5.000000,Isiah Pacheco,RB,0.444444,5.000000,Isiah Pacheco,RB,0.344828,4.000000,0.344828,0.266667,0.310345,0.206897,0.103448,1.000000,Isiah Pacheco,RB,0.355000
2023,Clyde Edwards-Helaire,KC,157.900000,70.100000,4.673333,4.660738,-11.145507,71.000000,23.000000,0.104762,0.123596,0.111111,0.137931,Isiah Pacheco,RB,0.348315,5.000000,Isiah Pacheco,RB,0.444444,5.000000,Isiah Pacheco,RB,0.344828,4.000000,0.344828,0.266667,0.310345,0.206897,0.103448,1.000000,Isiah Pacheco,RB,0.355000
2025,James Cook III,BUF,33.700000,308.200000,18.129412,112.278821,121.230289,207.000000,38.000000,0.298750,0.436364,0.483333,0.468750,Josh Allen,QB,0.290909,11.000000,Josh Allen,QB,0.300000,10.000000,Josh Allen,QB,0.343750,7.000000,0.093750,0.333333,0.343750,0.343750,0.000000,1.000000,Josh Allen,QB,0.541950
2025,Rico Dowdle,PIT,171.100000,218.300000,12.841176,155.983642,133.789446,235.000000,50.000000,0.334963,0.431034,0.384615,0.333333,E.Elliott,UNK,0.241379,3.000000,E.Elliott,UNK,0.307692,3.000000,E.Elliott,UNK,0.333333,3.000000,0.066667,0.500000,0.533333,0.200000,0.000000,1.000000,E.Elliott,UNK,0.551020
2025,Jerome Ford,WAS,130.800000,43.600000,3.963636,-57.903216,-60.423458,104.000000,43.000000,0.180307,0.192308,0.218750,0.166667,Nick Chubb,RB,0.346154,3.000000,Nick Chubb,RB,0.312500,3.000000,D'Onta Foreman,RB,0.333333,0.000000,0.333333,0.187500,0.166667,0.166667,0.000000,1.000000,D'Onta Foreman,RB,0.360000
2025,Nick Chubb,FA,136.100000,88.300000,5.886667,-8.049610,4.403066,102.000000,11.000000,0.136829,0.346154,0.312500,0.333333,D'Onta Foreman,RB,0.269231,0.000000,D'Onta Foreman,RB,0.281250,0.000000,D'Onta Foreman,RB,0.333333,0.000000,0.333333,0.187500,0.166667,0.166667,0.000000,1.000000,D'Onta Foreman,RB,0.360000
2024,Ezekiel Elliott,LAC,96.200000,0.000000,0.000000,-137.219326,-111.027884,184.000000,65.000000,0.308399,0.478261,0.550000,0.555556,Rhamondre Stevenson,RB,0.413043,3.000000,Rhamondre Stevenson,RB,0.400000,3.000000,Rhamondre Stevenson,RB,0.333333,2.000000,0.333333,0.050000,0.111111,0.111111,0.000000,1.000000,Rhamondre Stevenson,RB,0.531250
2023,Elijah Mitchell,SF,115.100000,47.500000,4.318182,-66.385771,-59.521189,45.000000,4.000000,0.058182,0.118812,0.122807,0.088235,Christian McCaffrey,RB,0.306931,5.000000,Christian McCaffrey,RB,0.350877,4.000000,Christian McCaffrey,RB,0.323529,4.000000,0.323529,0.350877,0.382353,0.176471,0.029412,1.000000,Christian McCaffrey,RB,0.324263
2022,Saquon Barkley,NYG,15.500000,282.000000,17.625000,54.408246,56.815049,162.000000,57.000000,0.265707,0.240000,0.230769,0.187500,Devontae Booker,RB,0.320000,2.000000,Devontae Booker,RB,0.307692,1.000000,Devontae Booker,RB,0.312500,1.000000,0.312500,0.384615,0.375000,0.312500,0.062500,1.000000,Devontae Booker,RB,0.380000
2022,Cordarrelle Patterson,ATL,91.400000,150.700000,11.592308,2.397205,-9.820747,153.000000,69.000000,0.269382,0.500000,0.419355,0.437500,Mike Davis,RB,0.303030,3.000000,Mike Davis,RB,0.322581,2.000000,Matt Ryan,QB,0.312500,1.000000,0.250000,0.258065,0.312500,0.312500,0.000000,1.000000,Matt Ryan,QB,0.537190
2024,Devin Singletary,NYG,87.900000,100.600000,6.706667,-44.995609,-25.188236,216.000000,38.000000,0.302211,0.414634,0.377778,0.310345,Dameon Pierce,RB,0.280488,2.000000,Dameon Pierce,RB,0.311111,2.000000,Dameon Pierce,RB,0.310345,2.000000,0.310345,0.244444,0.275862,0.241379,0.034483,1.000000,Dameon Pierce,RB,0.387755
2024,Dameon Pierce,HOU,151.400000,43.500000,5.437500,-38.011994,-67.529669,145.000000,17.000000,0.194103,0.280488,0.311111,0.310345,Devin Singletary,RB,0.414634,4.000000,Devin Singletary,RB,0.377778,3.000000,Devin Singletary,RB,0.310345,2.000000,0.310345,0.244444,0.275862,0.241379,0.034483,1.000000,Devin Singletary,RB,0.387755
2025,Christian McCaffrey,SF,8.000000,414.600000,24.388235,193.688691,214.065212,50.000000,19.000000,0.081352,0.070707,0.017857,0.034483,Jordan Mason,RB,0.343434,3.000000,Jordan Mason,RB,0.339286,3.000000,Jordan Mason,RB,0.310345,2.000000,0.310345,0.303571,0.275862,0.206897,0.068966,1.000000,Jordan Mason,RB,0.287982
2025,Chase Brown,CIN,20.100000,278.300000,16.370588,69.154472,47.327118,230.000000,65.000000,0.342995,0.638889,0.644444,0.538462,Zack Moss,RB,0.222222,2.000000,Zack Moss,RB,0.244444,2.000000,Zack Moss,RB,0.307692,2.000000,0.307692,0.088889,0.153846,0.115385,0.038462,1.000000,Zack Moss,RB,0.537190
2025,Bucky Irving,TB,19.500000,140.500000,14.050000,-69.228955,-77.610791,207.000000,53.000000,0.288965,0.500000,0.523810,0.500000,Rachaad White,RB,0.276316,3.000000,Rachaad White,RB,0.309524,3.000000,Rachaad White,RB,0.307692,2.000000,0.307692,0.095238,0.076923,0.076923,0.000000,1.000000,Rachaad White,RB,0.420139
2024,David Montgomery,DET,54.600000,219.600000,15.685714,40.398338,19.471486,219.000000,24.000000,0.264938,0.495327,0.508197,0.527778,Jahmyr Gibbs,RB,0.355140,8.000000,Jahmyr Gibbs,RB,0.344262,5.000000,Jahmyr Gibbs,RB,0.305556,5.000000,0.305556,0.065574,0.055556,0.055556,0.000000,1.000000,Jahmyr Gibbs,RB,0.430796
2024,Alvin Kamara,NO,32.300000,265.300000,18.950000,63.593383,40.159056,182.000000,87.000000,0.297110,0.425532,0.436364,0.518519,Taysom Hill,QB,0.297872,4.000000,Taysom Hill,QB,0.327273,3.000000,Taysom Hill,QB,0.296296,3.000000,0.074074,0.418182,0.370370,0.296296,0.000000,1.000000,Taysom Hill,QB,0.695502
2023,Tyler Allgeier,ATL,125.000000,135.600000,7.976471,32.920314,29.102549,211.000000,17.000000,0.281289,0.353982,0.382979,0.407407,Cordarrelle Patterson,RB,0.274336,8.000000,Cordarrelle Patterson,RB,0.255319,6.000000,Cordarrelle Patterson,RB,0.296296,6.000000,0.296296,0.170213,0.185185,0.185185,0.000000,1.000000,Cordarrelle Patterson,RB,0.400826
2022,Miles Sanders,PHI,61.700000,220.700000,12.982353,41.371091,45.416799,138.000000,34.000000,0.193625,0.198198,0.157143,0.159091,Jalen Hurts,QB,0.279279,9.000000,Jalen Hurts,QB,0.285714,9.000000,Jalen Hurts,QB,0.295455,7.000000,0.272727,0.285714,0.295455,0.295455,0.000000,1.000000,Jalen Hurts,QB,0.284079
2023,Alvin Kamara,NO,69.200000,227.000000,17.461538,61.158744,62.542925,223.000000,77.000000,0.353090,0.396825,0.285714,0.285714,Taysom Hill,TE,0.285714,6.000000,Taysom Hill,TE,0.428571,5.000000,Mark Ingram,RB,0.285714,1.000000,0.285714,0.535714,0.428571,0.142857,0.214286,1.000000,Mark Ingram,RB,0.500000
2023,Joe Mixon,CIN,31.400000,265.000000,15.588235,56.371875,38.241132,210.000000,75.000000,0.340050,0.520000,0.617021,0.607143,Samaje Perine,RB,0.240000,2.000000,Joe Burrow,QB,0.212766,4.000000,Joe Burrow,QB,0.285714,4.000000,0.071429,0.234043,0.321429,0.285714,0.035714,1.000000,Joe Burrow,QB,0.811634
2025,J.K. Dobbins,DEN,94.000000,115.900000,11.590000,-21.386749,3.084841,195.000000,38.000000,0.291026,0.382716,0.354167,0.321429,Gus Edwards,RB,0.259259,4.000000,Gus Edwards,RB,0.270833,4.000000,Hassan Haskins,RB,0.285714,2.000000,0.285714,0.125000,0.142857,0.142857,0.000000,1.000000,Hassan Haskins,RB,0.336806
2025,Jonathan Taylor,IND,18.500000,362.300000,21.311765,151.598666,163.007159,305.000000,31.000000,0.415167,0.566038,0.559322,0.512821,Anthony Richardson,QB,0.198113,5.000000,Anthony Richardson,QB,0.254237,5.000000,Anthony Richardson,QB,0.282051,5.000000,0.179487,0.254237,0.282051,0.282051,0.000000,1.000000,Anthony Richardson,QB,0.573980
2024,Khalil Herbert,CIN,136.400000,31.500000,6.300000,-65.149856,-46.201602,133.000000,31.000000,0.181280,0.213333,0.157895,0.080000,Justin Fields,QB,0.253333,4.000000,D'Onta Foreman,RB,0.263158,4.000000,D'Onta Foreman,RB,0.280000,4.000000,0.280000,0.394737,0.400000,0.320000,0.040000,1.000000,D'Onta Foreman,RB,0.395556
2025,Tyrone Tracy Jr.,NYG,74.800000,162.800000,10.853333,6.843582,-7.790638,192.000000,54.000000,0.296010,0.385965,0.322581,0.277778,D.Jones,UNK,0.210526,2.000000,Devin Singletary,RB,0.290323,4.000000,Devin Singletary,RB,0.277778,3.000000,0.277778,0.290323,0.277778,0.055556,0.000000,1.000000,Devin Singletary,RB,0.349112
2022,Christian McCaffrey,SF,2.400000,351.000000,31.909091,109.723327,137.409946,99.000000,41.000000,0.171285,0.253333,0.236842,0.136364,Chuba Hubbard,RB,0.320000,4.000000,Chuba Hubbard,RB,0.236842,3.000000,Sam Darnold,QB,0.272727,4.000000,0.227273,0.447368,0.590909,0.500000,0.045455,1.000000,Sam Darnold,QB,0.432099
2025,Brian Robinson,FA,149.000000,62.500000,4.166667,-21.305926,-18.026766,187.000000,25.000000,0.235227,0.338710,0.358209,0.393939,Jayden Daniels,QB,0.282258,6.000000,Jayden Daniels,QB,0.208955,5.000000,Jayden Daniels,QB,0.272727,4.000000,0.151515,0.238806,0.303030,0.303030,0.000000,1.000000,Jayden Daniels,QB,0.391304
2022,James Robinson,NYJ,101.500000,0.000000,0.000000,-137.751827,-132.268188,164.000000,46.000000,0.261044,0.393443,0.500000,0.454545,Carlos Hyde,RB,0.196721,1.000000,Trevor Lawrence,QB,0.205882,2.000000,Trevor Lawrence,QB,0.272727,1.000000,0.181818,0.205882,0.272727,0.272727,0.000000,1.000000,Trevor Lawrence,QB,0.468750
2024,Christian McCaffrey,SF,1.400000,49.800000,12.450000,-183.090612,-166.509832,272.000000,83.000000,0.418002,0.619048,0.607143,0.529412,Elijah Mitchell,RB,0.152381,2.000000,Elijah Mitchell,RB,0.214286,2.000000,Elijah Mitchell,RB,0.264706,2.000000,0.264706,0.107143,0.147059,0.088235,0.058824,1.000000,Elijah Mitchell,RB,0.483948
2023,James Conner,ARI,66.200000,201.500000,15.500000,32.262961,-0.995705,183.000000,58.000000,0.265661,0.337838,0.416667,0.347826,E.Benjamin,UNK,0.189189,2.000000,E.Benjamin,UNK,0.166667,1.000000,Kyler Murray,QB,0.260870,3.000000,0.086957,0.416667,0.478261,0.260870,0.043478,1.000000,Kyler Murray,QB,0.486111
2024,Kenneth Walker,SEA,35.600000,181.200000,16.472727,-17.176287,-10.240942,219.000000,37.000000,0.333782,0.542857,0.513514,0.652174,Zach Charbonnet,RB,0.314286,1.000000,Zach Charbonnet,RB,0.351351,1.000000,Zach Charbonnet,RB,0.260870,1.000000,0.260870,0.135135,0.086957,0.043478,0.043478,1.000000,Zach Charbonnet,RB,0.591837
2022,Derrick Henry,TEN,4.300000,304.600000,19.037500,65.308163,68.456578,220.000000,20.000000,0.265625,0.411765,0.409091,0.370370,D'Onta Foreman,RB,0.258824,2.000000,D'Onta Foreman,RB,0.250000,2.000000,Ryan Tannehill,QB,0.259259,7.000000,0.222222,0.250000,0.333333,0.259259,0.000000,1.000000,Ryan Tannehill,QB,0.425926
2025,Bijan Robinson,ATL,2.100000,374.800000,22.047059,148.151657,140.233388,305.000000,72.000000,0.431604,0.677778,0.686275,0.666667,Tyler Allgeier,RB,0.288889,3.000000,Tyler Allgeier,RB,0.274510,3.000000,Tyler Allgeier,RB,0.259259,1.000000,0.259259,0.039216,0.074074,0.074074,0.000000,1.000000,Tyler Allgeier,RB,0.596800
2022,Raheem Mostert,MIA,101.900000,170.300000,10.643750,32.966034,57.892956,2.000000,0.000000,0.002413,0.000000,0.000000,0.000000,Elijah Mitchell,RB,0.333333,4.000000,Elijah Mitchell,RB,0.282051,3.000000,Elijah Mitchell,RB,0.250000,3.000000,0.250000,0.384615,0.350000,0.300000,0.050000,1.000000,Elijah Mitchell,RB,0.278107
2025,Javonte Williams,DAL,116.300000,246.800000,15.425000,131.197294,128.457870,139.000000,70.000000,0.232078,0.378378,0.393939,0.416667,Bo Nix,QB,0.216216,4.000000,Jaleel McLaughlin,RB,0.181818,1.000000,Bo Nix,QB,0.250000,4.000000,0.125000,0.181818,0.250000,0.250000,0.000000,1.000000,Bo Nix,QB,0.376543
2023,Saquon Barkley,NYG,9.000000,225.200000,16.085714,-8.783307,-15.502886,295.000000,77.000000,0.412178,0.487179,0.547619,0.600000,Daniel Jones,QB,0.282051,6.000000,Daniel Jones,QB,0.261905,5.000000,Daniel Jones,QB,0.240000,3.000000,0.080000,0.285714,0.280000,0.240000,0.040000,1.000000,Daniel Jones,QB,0.709877
2024,Travis Etienne Jr.,JAX,17.600000,132.200000,8.813333,-84.341721,-114.267976,269.000000,73.000000,0.385159,0.577465,0.514286,0.619048,Trevor Lawrence,QB,0.183099,4.000000,Trevor Lawrence,QB,0.285714,4.000000,Trevor Lawrence,QB,0.238095,3.000000,0.142857,0.285714,0.238095,0.238095,0.000000,1.000000,Trevor Lawrence,QB,0.695312
2023,Nick Chubb,CLE,12.500000,23.100000,11.550000,-206.921560,-220.101182,303.000000,37.000000,0.386417,0.525000,0.567568,0.619048,Kareem Hunt,RB,0.312500,2.000000,Kareem Hunt,RB,0.324324,2.000000,Kareem Hunt,RB,0.238095,2.000000,0.238095,0.108108,0.142857,0.142857,0.000000,1.000000,Kareem Hunt,RB,0.598765
2024,Javonte Williams,DEN,77.500000,161.900000,9.523529,5.808807,5.948552,219.000000,59.000000,0.343226,0.543210,0.487179,0.454545,Russell Wilson,QB,0.160494,3.000000,Russell Wilson,QB,0.179487,3.000000,Russell Wilson,QB,0.227273,3.000000,0.136364,0.205128,0.272727,0.272727,0.000000,1.000000,Russell Wilson,QB,0.445312
2024,Najee Harris,PIT,67.100000,204.600000,12.035294,38.013223,33.354546,256.000000,38.000000,0.361217,0.616438,0.615385,0.545455,Jaylen Warren,RB,0.260274,3.000000,Jaylen Warren,RB,0.205128,0.000000,Jaylen Warren,RB,0.227273,0.000000,0.227273,0.179487,0.227273,0.227273,0.000000,1.000000,Jaylen Warren,RB,0.584775
2025,Tank Bigsby,PHI,134.300000,53.800000,5.380000,-44.299891,-26.733473,168.000000,12.000000,0.233333,0.500000,0.525000,0.500000,Travis Etienne,RB,0.300000,2.000000,Travis Etienne,RB,0.250000,2.000000,Travis Etienne,RB,0.227273,2.000000,0.227273,0.150000,0.227273,0.227273,0.000000,1.000000,Travis Etienne,RB,0.508651
2022,Rashaad Penny,SEA,63.300000,52.200000,10.440000,-125.457469,-109.450689,119.000000,8.000000,0.171468,0.322034,0.285714,0.222222,Alex Collins,RB,0.220339,2.000000,Alex Collins,RB,0.250000,1.000000,Alex Collins,RB,0.222222,1.000000,0.222222,0.071429,0.111111,0.111111,0.000000,1.000000,Alex Collins,RB,0.195312
2024,Chuba Hubbard,CAR,108.800000,245.600000,16.373333,121.096478,99.918134,238.000000,44.000000,0.349306,0.571429,0.607143,0.611111,Miles Sanders,RB,0.174603,1.000000,Miles Sanders,RB,0.250000,1.000000,Miles Sanders,RB,0.222222,1.000000,0.222222,0.107143,0.111111,0.111111,0.000000,1.000000,Miles Sanders,RB,0.539062
2022,Nick Chubb,CLE,18.800000,281.400000,16.552941,57.255592,69.411896,228.000000,25.000000,0.312343,0.445652,0.511628,0.478261,D'Ernest Johnson,RB,0.206522,3.000000,Kareem Hunt,RB,0.186047,4.000000,Kareem Hunt,RB,0.217391,3.000000,0.217391,0.093023,0.130435,0.043478,0.086957,1.000000,Kareem Hunt,RB,0.380000
2024,James Conner,ARI,47.600000,251.800000,15.737500,65.534002,57.000191,210.000000,35.000000,0.287621,0.544118,0.526316,0.500000,Kyler Murray,QB,0.176471,3.000000,Kyler Murray,QB,0.236842,3.000000,Kyler Murray,QB,0.214286,2.000000,0.035714,0.421053,0.428571,0.285714,0.000000,1.000000,Kyler Murray,QB,0.773438
2022,Ezekiel Elliott,DAL,27.700000,185.800000,12.386667,-29.047020,-63.778940,240.000000,65.000000,0.318182,0.512500,0.555556,0.607143,Tony Pollard,RB,0.200000,1.000000,Dak Prescott,QB,0.277778,1.000000,Dak Prescott,QB,0.214286,1.000000,0.071429,0.333333,0.285714,0.214286,0.071429,1.000000,Dak Prescott,QB,0.735000
2023,Raheem Mostert,MIA,122.800000,269.700000,17.980000,164.530073,152.258168,181.000000,42.000000,0.285330,0.411765,0.380952,0.357143,Jeffery Wilson,RB,0.254902,3.000000,Jeffery Wilson,RB,0.333333,2.000000,Jeffery Wilson,RB,0.214286,2.000000,0.214286,0.190476,0.285714,0.000000,0.142857,1.000000,Jeffery Wilson,RB,0.380000
2022,Damien Harris,NE,59.800000,90.900000,8.263636,-90.413745,-90.316293,202.000000,21.000000,0.262843,0.464646,0.588235,0.571429,Rhamondre Stevenson,RB,0.252525,5.000000,Rhamondre Stevenson,RB,0.215686,5.000000,Rhamondre Stevenson,RB,0.214286,4.000000,0.214286,0.039216,0.000000,0.000000,0.000000,1.000000,Rhamondre Stevenson,RB,0.395408
2023,J.K. Dobbins,BAL,55.100000,11.700000,11.700000,-170.101437,-154.299487,92.000000,8.000000,0.122525,0.152174,0.170732,0.210526,Kenyan Drake,RB,0.217391,3.000000,Lamar Jackson,QB,0.219512,2.000000,Kenyan Drake,RB,0.210526,3.000000,0.210526,0.365854,0.368421,0.368421,0.000000,1.000000,Kenyan Drake,RB,0.277778
2023,Gus Edwards,BAL,160.600000,189.000000,11.117647,126.616943,118.844525,87.000000,2.000000,0.107673,0.152174,0.170732,0.105263,Kenyan Drake,RB,0.217391,3.000000,Lamar Jackson,QB,0.219512,2.000000,Kenyan Drake,RB,0.210526,3.000000,0.210526,0.365854,0.368421,0.368421,0.000000,1.000000,Kenyan Drake,RB,0.277778
2023,Isiah Pacheco,KC,79.200000,215.900000,15.421429,61.378022,52.339244,170.000000,14.000000,0.217857,0.348315,0.444444,0.344828,Jerick McKinnon,RB,0.224719,0.000000,Jerick McKinnon,RB,0.155556,0.000000,Patrick Mahomes,QB,0.206897,3.000000,0.172414,0.266667,0.310345,0.206897,0.103448,1.000000,Patrick Mahomes,QB,0.355000
2024,Kyren Williams,LAR,15.900000,278.100000,17.381250,59.842655,50.377713,229.000000,48.000000,0.313325,0.629213,0.634615,0.620690,Royce Freeman,RB,0.168539,1.000000,Royce Freeman,RB,0.173077,1.000000,Royce Freeman,RB,0.206897,1.000000,0.206897,0.096154,0.068966,0.034483,0.000000,1.000000,Royce Freeman,RB,0.506173
2023,Travis Etienne Jr.,JAX,34.700000,278.400000,16.376471,73.507236,59.385400,221.000000,45.000000,0.307692,0.494382,0.479167,0.466667,J.Robinson,UNK,0.191011,1.000000,Trevor Lawrence,QB,0.187500,5.000000,Trevor Lawrence,QB,0.200000,5.000000,0.100000,0.416667,0.400000,0.200000,0.033333,1.000000,Trevor Lawrence,QB,0.635802
2024,Breece Hall,NYJ,2.200000,240.900000,15.056250,8.816741,12.601164,224.000000,95.000000,0.404858,0.595238,0.647059,0.400000,D.Cook,UNK,0.190476,0.000000,D.Cook,UNK,0.117647,0.000000,D.Cook,UNK,0.200000,0.000000,0.200000,0.294118,0.400000,0.200000,0.000000,0.000000,,,0.555556
2022,Elijah Mitchell,SF,42.400000,43.600000,8.720000,-155.890660,-149.408812,207.000000,20.000000,0.272618,0.333333,0.282051,0.250000,Deebo Samuel,WR,0.238095,6.000000,Deebo Samuel,WR,0.230769,3.000000,Jeffery Wilson,RB,0.200000,2.000000,0.200000,0.384615,0.350000,0.300000,0.050000,1.000000,Jeffery Wilson,RB,0.278107
2022,Michael Carter,NYJ,113.300000,128.000000,8.000000,2.575047,-12.492043,148.000000,55.000000,0.251023,0.333333,0.340000,0.285714,Tevin Coleman,RB,0.166667,0.000000,Tevin Coleman,RB,0.180000,0.000000,Zach Wilson,QB,0.200000,3.000000,0.171429,0.280000,0.314286,0.200000,0.057143,1.000000,Zach Wilson,QB,0.305556
2023,Breece Hall,NYJ,36.600000,288.500000,16.970588,85.757899,96.789460,80.000000,31.000000,0.131824,0.238095,0.300000,0.350000,Michael Carter,RB,0.317460,3.000000,Michael Carter,RB,0.266667,3.000000,Michael Carter,RB,0.200000,2.000000,0.200000,0.266667,0.300000,0.250000,0.050000,1.000000,Michael Carter,RB,0.377551
2024,Brian Robinson,WAS,97.900000,163.800000,11.700000,28.296299,9.071238,179.000000,43.000000,0.281414,0.466667,0.500000,0.450000,Sam Howell,QB,0.166667,5.000000,Sam Howell,QB,0.214286,4.000000,Sam Howell,QB,0.200000,2.000000,0.150000,0.285714,0.300000,0.250000,0.050000,1.000000,Sam Howell,QB,0.469388
2023,Cam Akers,MIN,63.100000,46.700000,7.783333,-126.046015,-105.534681,188.000000,18.000000,0.269437,0.509091,0.538462,0.533333,D.Henderson,UNK,0.181818,3.000000,D.Henderson,UNK,0.269231,3.000000,Malcolm Brown,RB,0.200000,0.000000,0.200000,0.346154,0.266667,0.066667,0.000000,1.000000,Malcolm Brown,RB,0.603306
2024,Rachaad White,TB,29.000000,205.600000,13.706667,0.563054,-2.668525,272.000000,70.000000,0.430218,0.709091,0.760000,0.733333,Baker Mayfield,QB,0.127273,1.000000,Baker Mayfield,QB,0.200000,1.000000,Baker Mayfield,QB,0.200000,1.000000,0.000000,0.240000,0.266667,0.200000,0.000000,1.000000,Baker Mayfield,QB,1.000000
2023,Austin Ekeler,LAC,5.000000,192.200000,13.728571,-46.311019,-117.847306,204.000000,127.000000,0.356651,0.645570,0.631579,0.550000,Joshua Kelley,RB,0.177215,2.000000,Joshua Kelley,RB,0.210526,2.000000,Joshua Kelley,RB,0.200000,2.000000,0.200000,0.078947,0.100000,0.100000,0.000000,1.000000,Joshua Kelley,RB,0.438272
2023,Rhamondre Stevenson,NE,23.400000,147.700000,12.308333,-69.983548,-60.786869,210.000000,90.000000,0.366623,0.516129,0.593750,0.600000,Damien Harris,RB,0.209677,3.000000,Damien Harris,RB,0.187500,3.000000,Damien Harris,RB,0.200000,3.000000,0.200000,0.125000,0.100000,0.050000,0.050000,1.000000,Damien Harris,RB,0.500000
2025,De'Von Achane,MIA,14.100000,322.100000,20.131250,107.120200,88.147172,203.000000,87.000000,0.329040,0.535211,0.589744,0.700000,Raheem Mostert,RB,0.211268,2.000000,Raheem Mostert,RB,0.256410,2.000000,Raheem Mostert,RB,0.200000,1.000000,0.200000,0.076923,0.050000,0.050000,0.000000,1.000000,Raheem Mostert,RB,0.590028
2023,Najee Harris,PIT,30.400000,197.500000,11.617647,-12.260053,-33.339092,272.000000,53.000000,0.366082,0.538462,0.550000,0.461538,Jaylen Warren,RB,0.166667,1.000000,Kenny Pickett,QB,0.150000,3.000000,Kenny Pickett,QB,0.192308,3.000000,0.076923,0.275000,0.384615,0.307692,0.038462,0.000000,,,0.585938
2025,Najee Harris,FA,153.900000,11.600000,3.866667,-67.441271,-61.873936,263.000000,48.000000,0.355952,0.548387,0.530612,0.461538,Jaylen Warren,RB,0.182796,1.000000,Justin Fields,QB,0.183673,5.000000,Justin Fields,QB,0.192308,4.000000,0.153846,0.306122,0.307692,0.307692,0.000000,0.000000,,,0.500000
2022,Leonard Fournette,TB,21.900000,228.100000,14.256250,7.194008,-33.085717,180.000000,84.000000,0.289535,0.569444,0.531915,0.538462,Ronald Jones,RB,0.194444,4.000000,Ronald Jones,RB,0.191489,4.000000,Ronald Jones,RB,0.192308,1.000000,0.192308,0.148936,0.153846,0.076923,0.076923,0.000000,,,0.466942
2022,Dalvin Cook,MIN,7.500000,245.800000,14.458824,9.851044,0.052769,251.000000,49.000000,0.338480,0.522222,0.560000,0.653846,Alexander Mattison,RB,0.355556,3.000000,Alexander Mattison,RB,0.300000,3.000000,Alexander Mattison,RB,0.192308,1.000000,0.192308,0.040000,0.038462,0.038462,0.000000,0.000000,,,0.510400
2024,Tyler Allgeier,ATL,125.100000,104.200000,6.512500,-3.853712,-30.033309,187.000000,24.000000,0.243757,0.445783,0.297297,0.437500,Bijan Robinson,RB,0.277108,4.000000,Bijan Robinson,RB,0.324324,3.000000,Bijan Robinson,RB,0.187500,2.000000,0.187500,0.243243,0.250000,0.125000,0.125000,0.000000,,,0.430556
2022,Antonio Gibson,WAS,114.700000,165.900000,11.060000,41.937558,20.041260,259.000000,53.000000,0.363527,0.578313,0.541667,0.562500,Taylor Heinicke,QB,0.168675,1.000000,Taylor Heinicke,QB,0.229167,1.000000,Taylor Heinicke,QB,0.187500,1.000000,0.125000,0.250000,0.218750,0.218750,0.000000,0.000000,,,0.552000
2024,Alexander Mattison,LV,160.700000,137.400000,9.814286,65.273480,58.823981,180.000000,44.000000,0.258940,0.444444,0.428571,0.562500,Ty Chandler,RB,0.203704,3.000000,Ty Chandler,RB,0.178571,3.000000,Ty Chandler,RB,0.187500,3.000000,0.187500,0.285714,0.187500,0.187500,0.000000,0.000000,,,0.538462
2024,Austin Ekeler,WAS,88.000000,132.300000,11.025000,-13.194690,-14.854014,179.000000,74.000000,0.277108,0.410959,0.533333,0.592593,Joshua Kelley,RB,0.191781,1.000000,Joshua Kelley,RB,0.155556,1.000000,Justin Herbert,QB,0.185185,2.000000,0.111111,0.266667,0.296296,0.296296,0.000000,0.000000,,,0.734072
2025,Kyren Williams,LAR,23.100000,267.300000,15.723529,61.071608,62.181116,316.000000,40.000000,0.435866,0.760870,0.767442,0.714286,Blake Corum,RB,0.086957,0.000000,Blake Corum,RB,0.139535,0.000000,Blake Corum,RB,0.178571,0.000000,0.178571,0.069767,0.107143,0.035714,0.071429,0.000000,,,0.680000
2023,Christian McCaffrey,SF,2.400000,395.300000,24.706250,153.845969,3.709911,246.000000,108.000000,0.255758,0.306931,0.350877,0.323529,J.Wilson,UNK,0.138614,1.000000,J.Wilson,UNK,0.157895,1.000000,J.Wilson,UNK,0.176471,1.000000,0.088235,0.350877,0.382353,0.176471,0.029412,0.000000,,,0.324263
2025,Alvin Kamara,NO,29.700000,104.700000,9.518182,-95.110694,-99.525635,228.000000,89.000000,0.381935,0.538462,0.548387,0.647059,Jamaal Williams,RB,0.153846,1.000000,Taysom Hill,TE,0.193548,4.000000,Derek Carr,QB,0.176471,1.000000,0.058824,0.290323,0.294118,0.176471,0.117647,0.000000,,,0.847222
2025,Jordan Mason,MIN,104.900000,130.900000,8.181250,4.212178,26.851077,153.000000,14.000000,0.205257,0.343434,0.339286,0.310345,Isaac Guerendo,RB,0.141414,4.000000,Isaac Guerendo,RB,0.178571,3.000000,Isaac Guerendo,RB,0.172414,3.000000,0.172414,0.303571,0.275862,0.206897,0.068966,0.000000,,,0.287982
2022,James Conner,ARI,28.400000,202.200000,15.553846,-11.915765,-19.316519,202.000000,39.000000,0.267338,0.424242,0.509091,0.600000,Kyler Murray,QB,0.242424,5.000000,Chase Edmonds,RB,0.218182,1.000000,Chase Edmonds,RB,0.166667,1.000000,0.166667,0.254545,0.233333,0.166667,0.066667,0.000000,,,0.659735
2023,Jonathan Taylor,IND,25.900000,156.400000,15.640000,-58.453728,-68.334143,192.000000,42.000000,0.264741,0.421053,0.484848,0.500000,Zack Moss,RB,0.210526,1.000000,Zack Moss,RB,0.212121,0.000000,Zack Moss,RB,0.166667,0.000000,0.166667,0.242424,0.222222,0.166667,0.000000,0.000000,,,0.469388
2022,Alvin Kamara,NO,10.900000,219.700000,14.646667,-12.697145,-3.442664,241.000000,67.000000,0.364557,0.552632,0.600000,0.666667,Taysom Hill,QB,0.197368,4.000000,Taysom Hill,QB,0.233333,4.000000,Taysom Hill,QB,0.166667,2.000000,0.111111,0.266667,0.166667,0.166667,0.000000,0.000000,,,0.662222
2022,David Montgomery,CHI,39.300000,181.700000,11.356250,-21.029076,-20.221145,225.000000,51.000000,0.334586,0.505882,0.545455,0.541667,Khalil Herbert,RB,0.141176,2.000000,Khalil Herbert,RB,0.113636,1.000000,Damien Williams,RB,0.166667,2.000000,0.166667,0.250000,0.166667,0.083333,0.083333,0.000000,,,0.485000
2023,Dameon Pierce,HOU,57.000000,76.700000,5.900000,-102.950774,-103.486126,220.000000,39.000000,0.336474,0.532258,0.500000,0.500000,Dare Ogunbowale,RB,0.145161,1.000000,Dare Ogunbowale,RB,0.156250,1.000000,Rex Burkhead,RB,0.166667,0.000000,0.166667,0.156250,0.166667,0.166667,0.000000,0.000000,,,0.440000
2024,Raheem Mostert,MIA,64.100000,74.900000,6.809091,-94.714350,-108.783915,209.000000,32.000000,0.281250,0.500000,0.600000,0.666667,De'Von Achane,RB,0.244681,5.000000,De'Von Achane,RB,0.200000,5.000000,De'Von Achane,RB,0.166667,3.000000,0.166667,0.072727,0.100000,0.066667,0.033333,0.000000,,,0.585734
2024,Joe Mixon,HOU,35.000000,240.500000,17.178571,41.518199,67.536433,257.000000,65.000000,0.392630,0.766234,0.826087,0.840000,Jake Browning,QB,0.103896,3.000000,Jake Browning,QB,0.130435,3.000000,Jake Browning,QB,0.160000,3.000000,0.000000,0.130435,0.160000,0.160000,0.000000,0.000000,,,1.000000
2024,Josh Jacobs,GB,23.600000,299.100000,17.594118,88.613424,136.612911,233.000000,54.000000,0.360963,0.550725,0.578947,0.526316,Zamir White,RB,0.231884,1.000000,Zamir White,RB,0.184211,1.000000,Aidan O'Connell,QB,0.157895,1.000000,0.157895,0.157895,0.263158,0.210526,0.052632,0.000000,,,0.561224
2023,Derrick Henry,TEN,17.900000,238.100000,14.005882,14.190850,31.289632,349.000000,41.000000,0.503294,0.800000,0.809524,0.789474,Ryan Tannehill,QB,0.080000,2.000000,Ryan Tannehill,QB,0.142857,2.000000,Ryan Tannehill,QB,0.157895,2.000000,0.000000,0.190476,0.210526,0.210526,0.000000,0.000000,,,1.000000
2025,Rhamondre Stevenson,NE,119.700000,180.800000,12.914286,68.503381,55.394538,207.000000,43.000000,0.307692,0.585714,0.620690,0.631579,Antonio Gibson,RB,0.214286,1.000000,Antonio Gibson,RB,0.172414,0.000000,Antonio Gibson,RB,0.157895,0.000000,0.157895,0.172414,0.210526,0.210526,0.000000,0.000000,,,0.680000
2025,Breece Hall,NYJ,47.500000,207.500000,12.968750,24.997646,5.179366,212.000000,76.000000,0.360590,0.577778,0.684211,0.846154,Braelon Allen,RB,0.244444,2.000000,Braelon Allen,RB,0.263158,1.000000,Braelon Allen,RB,0.153846,1.000000,0.153846,0.052632,0.000000,0.000000,0.000000,0.000000,,,0.739645
2025,Josh Jacobs,GB,16.600000,241.100000,16.073333,28.551147,40.200840,303.000000,43.000000,0.410909,0.610000,0.724138,0.727273,Emanuel Wilson,RB,0.140000,3.000000,Emanuel Wilson,RB,0.137931,3.000000,Emanuel Wilson,RB,0.151515,3.000000,0.151515,0.103448,0.090909,0.090909,0.000000,0.000000,,,0.668889
2025,Aaron Jones Sr.,MIN,63.200000,120.700000,10.058333,-46.536010,-54.159864,255.000000,62.000000,0.384422,0.632353,0.666667,0.650000,Cam Akers,RB,0.117647,1.000000,Sam Darnold,QB,0.111111,1.000000,Cam Akers,RB,0.150000,1.000000,0.150000,0.166667,0.150000,0.100000,0.050000,0.000000,,,0.619377
2024,Gus Edwards,LAC,100.600000,64.100000,5.827273,-68.678886,-44.906348,199.000000,13.000000,0.246208,0.353982,0.508197,0.705882,Lamar Jackson,QB,0.283186,5.000000,Lamar Jackson,QB,0.213115,5.000000,Lamar Jackson,QB,0.147059,1.000000,0.117647,0.245902,0.147059,0.147059,0.000000,0.000000,,,0.705113
2023,D'Onta Foreman,CHI,137.100000,91.200000,10.133333,2.216640,9.552980,204.000000,9.000000,0.279786,0.450000,0.472222,0.523810,Chuba Hubbard,RB,0.200000,2.000000,Chuba Hubbard,RB,0.138889,1.000000,C.McCaffrey,UNK,0.142857,1.000000,0.095238,0.222222,0.285714,0.142857,0.000000,0.000000,,,0.564444
2022,Joe Mixon,CIN,10.100000,239.500000,17.107143,6.267135,7.324585,294.000000,48.000000,0.414303,0.733333,0.777778,0.809524,Joe Burrow,QB,0.116667,2.000000,Joe Burrow,QB,0.138889,2.000000,Joe Burrow,QB,0.142857,0.000000,0.047619,0.166667,0.142857,0.142857,0.000000,0.000000,,,0.895062
2025,Kareem Hunt,FA,173.800000,147.400000,8.670588,87.709064,78.615966,200.000000,32.000000,0.268029,0.524390,0.600000,0.607143,Carson Steele,RB,0.121951,0.000000,Carson Steele,RB,0.150000,0.000000,Carson Steele,RB,0.142857,0.000000,0.142857,0.100000,0.107143,0.035714,0.071429,0.000000,,,0.504000
2024,Derrick Henry,BAL,15.900000,338.400000,19.905882,120.142655,184.075484,280.000000,36.000000,0.420191,0.660714,0.750000,0.761905,Tyjae Spears,RB,0.196429,2.000000,Tyjae Spears,RB,0.156250,1.000000,Tyjae Spears,RB,0.142857,1.000000,0.142857,0.093750,0.095238,0.095238,0.000000,0.000000,,,0.734072
2024,Isiah Pacheco,KC,19.800000,56.900000,8.128571,-157.421501,-163.485768,206.000000,49.000000,0.306748,0.651515,0.677419,0.714286,Clyde Edwards-Helaire,RB,0.106061,1.000000,Clyde Edwards-Helaire,RB,0.161290,1.000000,La'Mical Perine,RB,0.142857,0.000000,0.142857,0.064516,0.000000,0.000000,0.000000,0.000000,,,0.551020
2022,Josh Jacobs,LV,46.800000,330.300000,19.429412,135.405801,116.463302,217.000000,64.000000,0.325330,0.493506,0.583333,0.590909,Kenyan Drake,RB,0.155844,2.000000,Peyton Barber,RB,0.138889,2.000000,Peyton Barber,RB,0.136364,2.000000,0.136364,0.166667,0.181818,0.181818,0.000000,0.000000,,,0.555556
2024,Tony Pollard,TEN,81.700000,202.700000,12.668750,50.847408,45.094718,253.000000,67.000000,0.352000,0.568807,0.596154,0.600000,Rico Dowdle,RB,0.146789,2.000000,Dak Prescott,QB,0.153846,1.000000,Rico Dowdle,RB,0.133333,2.000000,0.133333,0.230769,0.166667,0.100000,0.066667,0.000000,,,0.552000
2023,Josh Jacobs,LV,21.900000,183.100000,14.084615,-36.281439,-52.550453,341.000000,64.000000,0.503193,0.771930,0.857143,0.866667,Derek Carr,QB,0.070175,0.000000,Brandon Bolden,RB,0.071429,0.000000,Brandon Bolden,RB,0.133333,0.000000,0.133333,0.035714,0.000000,0.000000,0.000000,0.000000,,,0.768889
2025,James Conner,ARI,42.300000,33.300000,11.100000,-154.258723,-159.249183,239.000000,55.000000,0.343337,0.658537,0.705882,0.652174,Kyler Murray,QB,0.158537,3.000000,Kyler Murray,QB,0.117647,1.000000,Kyler Murray,QB,0.130435,1.000000,0.130435,0.176471,0.173913,0.130435,0.043478,0.000000,,,0.650970
2022,Najee Harris,PIT,7.100000,227.700000,13.394118,-8.666816,-46.590747,307.000000,94.000000,0.463504,0.725000,0.739130,0.647059,Ben Roethlisberger,QB,0.075000,1.000000,Ben Roethlisberger,QB,0.086957,1.000000,Ben Roethlisberger,QB,0.117647,1.000000,0.000000,0.260870,0.352941,0.117647,0.235294,0.000000,,,1.000000
2023,Jamaal Williams,NO,104.200000,60.800000,4.676923,-65.423783,-80.534428,263.000000,16.000000,0.322770,0.590000,0.718750,0.790698,D'Andre Swift,RB,0.250000,5.000000,D'Andre Swift,RB,0.187500,4.000000,D'Andre Swift,RB,0.116279,2.000000,0.116279,0.046875,0.046512,0.023256,0.023256,0.000000,,,0.704938
2022,Jonathan Taylor,IND,1.300000,152.400000,13.854545,-90.025788,-87.381039,332.000000,52.000000,0.458693,0.816514,0.820000,0.833333,Carson Wentz,QB,0.064220,1.000000,Carson Wentz,QB,0.100000,1.000000,Carson Wentz,QB,0.111111,1.000000,0.027778,0.120000,0.138889,0.138889,0.000000,0.000000,,,0.937565
2022,Austin Ekeler,LAC,2.700000,377.300000,22.194118,136.336722,95.583444,208.000000,95.000000,0.325527,0.505051,0.551020,0.642857,Justin Jackson,RB,0.212121,2.000000,Justin Jackson,RB,0.183673,1.000000,Justin Jackson,RB,0.107143,0.000000,0.107143,0.122449,0.107143,0.107143,0.000000,0.000000,,,0.545600
2025,Joe Mixon,FA,113.300000,0.000000,0.000000,-118.519842,-113.578890,247.000000,52.000000,0.363286,0.689655,0.756098,0.842105,C.J. Stroud,QB,0.080460,0.000000,C.J. Stroud,QB,0.073171,0.000000,C.J. Stroud,QB,0.105263,0.000000,0.000000,0.146341,0.157895,0.105263,0.000000,0.000000,,,1.000000
2025,Chuba Hubbard,CAR,40.200000,127.400000,8.493333,-62.200718,-56.445289,251.000000,54.000000,0.395693,0.647887,0.666667,0.758621,Bryce Young,QB,0.140845,5.000000,Bryce Young,QB,0.166667,5.000000,Bryce Young,QB,0.103448,2.000000,0.068966,0.190476,0.137931,0.103448,0.034483,0.000000,,,0.782400
2025,Derrick Henry,BAL,11.100000,285.500000,16.794118,67.603064,77.170850,325.000000,22.000000,0.400466,0.629213,0.711111,0.869565,Lamar Jackson,QB,0.235955,3.000000,Lamar Jackson,QB,0.200000,3.000000,Lamar Jackson,QB,0.086957,0.000000,0.043478,0.222222,0.086957,0.086957,0.000000,0.000000,,,0.909297
2022,Travis Etienne Jr.,JAX,33.600000,208.900000,12.288235,0.216417,25.077867,0.000000,0.000000,0.000000,0.000000,0.000000,0.000000,,,0.000000,0.000000,,,0.000000,0.000000,,,0.000000,0.000000,0.000000,0.000000,0.000000,0.000000,0.000000,0.000000,,,0.000000
2022,J.K. Dobbins,BAL,38.800000,81.200000,10.150000,-122.051401,-98.147046,0.000000,0.000000,0.000000,0.000000,0.000000,0.000000,,,0.000000,0.000000,,,0.000000,0.000000,,,0.000000,0.000000,0.000000,0.000000,0.000000,0.000000,0.000000,0.000000,,,0.000000
2022,Breece Hall,NYJ,44.400000,117.100000,16.728571,-80.301359,-57.427722,0.000000,0.000000,0.000000,0.000000,0.000000,0.000000,,,0.000000,0.000000,,,0.000000,0.000000,,,0.000000,0.000000,0.000000,0.000000,0.000000,0.000000,0.000000,0.000000,,,0.000000
2022,AJ Dillon,GB,48.700000,0.000000,0.000000,-192.909363,-170.827170,0.000000,0.000000,0.000000,0.000000,0.000000,0.000000,,,0.000000,0.000000,,,0.000000,0.000000,,,0.000000,0.000000,0.000000,0.000000,0.000000,0.000000,0.000000,0.000000,,,0.000000
2022,Dameon Pierce,HOU,70.500000,170.400000,13.107692,0.264014,18.333771,0.000000,0.000000,0.000000,0.000000,0.000000,0.000000,,,0.000000,0.000000,,,0.000000,0.000000,,,0.000000,0.000000,0.000000,0.000000,0.000000,0.000000,0.000000,0.000000,,,0.000000
2022,James Cook III,BUF,92.000000,107.700000,7.180000,-39.976005,-25.863467,0.000000,0.000000,0.000000,0.000000,0.000000,0.000000,,,0.000000,0.000000,,,0.000000,0.000000,,,0.000000,0.000000,0.000000,0.000000,0.000000,0.000000,0.000000,0.000000,,,0.000000
2022,Kenneth Walker,SEA,92.900000,202.500000,13.500000,55.764181,69.711067,0.000000,0.000000,0.000000,0.000000,0.000000,0.000000,,,0.000000,0.000000,,,0.000000,0.000000,,,0.000000,0.000000,0.000000,0.000000,0.000000,0.000000,0.000000,0.000000,,,0.000000
2022,Kenny Gainwell,PHI,105.800000,0.000000,0.000000,-133.259830,-121.687275,0.000000,0.000000,0.000000,0.000000,0.000000,0.000000,,,0.000000,0.000000,,,0.000000,0.000000,,,0.000000,0.000000,0.000000,0.000000,0.000000,0.000000,0.000000,0.000000,,,0.000000
2022,Tyler Allgeier,ATL,107.600000,157.400000,9.837500,26.020540,37.261793,0.000000,0.000000,0.000000,0.000000,0.000000,0.000000,,,0.000000,0.000000,,,0.000000,0.000000,,,0.000000,0.000000,0.000000,0.000000,0.000000,0.000000,0.000000,0.000000,,,0.000000
2022,Brian Robinson,WAS,112.700000,112.700000,9.391667,-13.351743,-3.049179,0.000000,0.000000,0.000000,0.000000,0.000000,0.000000,,,0.000000,0.000000,,,0.000000,0.000000,,,0.000000,0.000000,0.000000,0.000000,0.000000,0.000000,0.000000,0.000000,,,0.000000
2022,Isiah Pacheco,KC,118.000000,139.000000,8.176471,18.484904,27.811967,0.000000,0.000000,0.000000,0.000000,0.000000,0.000000,,,0.000000,0.000000,,,0.000000,0.000000,,,0.000000,0.000000,0.000000,0.000000,0.000000,0.000000,0.000000,0.000000,,,0.000000
2022,Rachaad White,TB,123.300000,144.100000,9.006250,29.121550,37.473113,0.000000,0.000000,0.000000,0.000000,0.000000,0.000000,,,0.000000,0.000000,,,0.000000,0.000000,,,0.000000,0.000000,0.000000,0.000000,0.000000,0.000000,0.000000,0.000000,,,0.000000
2022,Zamir White,LV,130.500000,7.000000,0.636364,-100.456967,-93.430613,0.000000,0.000000,0.000000,0.000000,0.000000,0.000000,,,0.000000,0.000000,,,0.000000,0.000000,,,0.000000,0.000000,0.000000,0.000000,0.000000,0.000000,0.000000,0.000000,,,0.000000
2023,Bijan Robinson,ATL,8.800000,252.300000,14.841176,18.090307,51.435784,0.000000,0.000000,0.000000,0.000000,0.000000,0.000000,,,0.000000,0.000000,,,0.000000,0.000000,,,0.000000,0.000000,0.000000,0.000000,0.000000,0.000000,0.000000,0.000000,,,0.000000
2023,Jahmyr Gibbs,DET,36.700000,244.100000,16.273333,41.471092,69.072205,0.000000,0.000000,0.000000,0.000000,0.000000,0.000000,,,0.000000,0.000000,,,0.000000,0.000000,,,0.000000,0.000000,0.000000,0.000000,0.000000,0.000000,0.000000,0.000000,,,0.000000
2023,Kenneth Walker,SEA,47.900000,199.400000,13.293333,9.448683,0.392397,228.000000,35.000000,0.314039,0.750000,0.761905,1.000000,Geno Smith,QB,0.102941,1.000000,Travis Homer,RB,0.095238,0.000000,Nick Bellore,LB,0.000000,0.000000,0.000000,0.095238,0.000000,0.000000,0.000000,0.000000,,,1.000000
2023,AJ Dillon,GB,91.700000,117.600000,7.840000,-22.772881,-6.495784,0.000000,0.000000,0.000000,0.000000,0.000000,0.000000,,,0.000000,0.000000,,,0.000000,0.000000,,,0.000000,0.000000,0.000000,0.000000,0.000000,0.000000,0.000000,0.000000,,,0.000000
2023,Zach Charbonnet,SEA,107.200000,106.100000,6.631250,-16.728000,-3.642218,0.000000,0.000000,0.000000,0.000000,0.000000,0.000000,,,0.000000,0.000000,,,0.000000,0.000000,,,0.000000,0.000000,0.000000,0.000000,0.000000,0.000000,0.000000,0.000000,,,0.000000
2023,De'Von Achane,MIA,117.800000,192.700000,17.518182,81.870434,92.773770,0.000000,0.000000,0.000000,0.000000,0.000000,0.000000,,,0.000000,0.000000,,,0.000000,0.000000,,,0.000000,0.000000,0.000000,0.000000,0.000000,0.000000,0.000000,0.000000,,,0.000000
2023,Kenny Gainwell,PHI,131.100000,0.000000,0.000000,-95.774926,-87.609944,0.000000,0.000000,0.000000,0.000000,0.000000,0.000000,,,0.000000,0.000000,,,0.000000,0.000000,,,0.000000,0.000000,0.000000,0.000000,0.000000,0.000000,0.000000,0.000000,,,0.000000
2023,Jeff Wilson Jr.,MIA,133.200000,41.300000,5.162500,-52.097878,-44.365267,0.000000,0.000000,0.000000,0.000000,0.000000,0.000000,,,0.000000,0.000000,,,0.000000,0.000000,,,0.000000,0.000000,0.000000,0.000000,0.000000,0.000000,0.000000,0.000000,,,0.000000
2023,Tank Bigsby,JAX,137.700000,26.800000,2.061538,-61.504203,-54.698102,0.000000,0.000000,0.000000,0.000000,0.000000,0.000000,,,0.000000,0.000000,,,0.000000,0.000000,,,0.000000,0.000000,0.000000,0.000000,0.000000,0.000000,0.000000,0.000000,,,0.000000
2023,Tyjae Spears,TEN,150.900000,153.800000,9.047059,80.437244,84.525580,0.000000,0.000000,0.000000,0.000000,0.000000,0.000000,,,0.000000,0.000000,,,0.000000,0.000000,,,0.000000,0.000000,0.000000,0.000000,0.000000,0.000000,0.000000,0.000000,,,0.000000
2023,Roschon Johnson,CHI,157.700000,102.100000,6.806667,36.434352,39.122629,0.000000,0.000000,0.000000,0.000000,0.000000,0.000000,,,0.000000,0.000000,,,0.000000,0.000000,,,0.000000,0.000000,0.000000,0.000000,0.000000,0.000000,0.000000,0.000000,,,0.000000
2024,Saquon Barkley,PHI,11.300000,351.300000,21.956250,128.400377,180.201884,248.000000,61.000000,0.367217,0.605634,0.695652,1.000000,Daniel Jones,QB,0.112676,1.000000,Tommy DeVito,QB,0.086957,1.000000,Tyrod Taylor,QB,0.000000,0.000000,0.000000,0.217391,0.000000,0.000000,0.000000,0.000000,,,1.000000
2024,Jonathon Brooks,CAR,85.400000,7.500000,2.500000,-140.618586,-124.069822,0.000000,0.000000,0.000000,0.000000,0.000000,0.000000,,,0.000000,0.000000,,,0.000000,0.000000,,,0.000000,0.000000,0.000000,0.000000,0.000000,0.000000,0.000000,0.000000,,,0.000000
2024,Trey Benson,ARI,108.500000,47.000000,3.916667,-77.806279,-67.951393,0.000000,0.000000,0.000000,0.000000,0.000000,0.000000,,,0.000000,0.000000,,,0.000000,0.000000,,,0.000000,0.000000,0.000000,0.000000,0.000000,0.000000,0.000000,0.000000,,,0.000000
2024,Blake Corum,LAR,110.300000,33.500000,2.392857,-89.489735,-80.156450,0.000000,0.000000,0.000000,0.000000,0.000000,0.000000,,,0.000000,0.000000,,,0.000000,0.000000,,,0.000000,0.000000,0.000000,0.000000,0.000000,0.000000,0.000000,0.000000,,,0.000000
2024,Kimani Vidal,LAC,143.900000,32.700000,3.633333,-56.380925,-56.784191,0.000000,0.000000,0.000000,0.000000,0.000000,0.000000,,,0.000000,0.000000,,,0.000000,0.000000,,,0.000000,0.000000,0.000000,0.000000,0.000000,0.000000,0.000000,0.000000,,,0.000000
2024,Ray Davis,BUF,147.700000,116.100000,7.740000,30.854000,29.349577,0.000000,0.000000,0.000000,0.000000,0.000000,0.000000,,,0.000000,0.000000,,,0.000000,0.000000,,,0.000000,0.000000,0.000000,0.000000,0.000000,0.000000,0.000000,0.000000,,,0.000000
2024,Bucky Irving,TB,152.900000,246.400000,14.494118,166.401792,163.390522,0.000000,0.000000,0.000000,0.000000,0.000000,0.000000,,,0.000000,0.000000,,,0.000000,0.000000,,,0.000000,0.000000,0.000000,0.000000,0.000000,0.000000,0.000000,0.000000,,,0.000000
2024,Jaylen Wright,MIA,156.600000,28.700000,2.207692,-47.564202,-51.647652,0.000000,0.000000,0.000000,0.000000,0.000000,0.000000,,,0.000000,0.000000,,,0.000000,0.000000,,,0.000000,0.000000,0.000000,0.000000,0.000000,0.000000,0.000000,0.000000,,,0.000000
2024,MarShawn Lloyd,GB,159.100000,2.800000,2.800000,-70.941225,-75.749121,0.000000,0.000000,0.000000,0.000000,0.000000,0.000000,,,0.000000,0.000000,,,0.000000,0.000000,,,0.000000,0.000000,0.000000,0.000000,0.000000,0.000000,0.000000,0.000000,,,0.000000
2024,Tyrone Tracy Jr.,NYG,174.000000,186.300000,10.958824,127.595717,118.470125,0.000000,0.000000,0.000000,0.000000,0.000000,0.000000,,,0.000000,0.000000,,,0.000000,0.000000,,,0.000000,0.000000,0.000000,0.000000,0.000000,0.000000,0.000000,0.000000,,,0.000000
2025,Ashton Jeanty,LV,11.700000,247.100000,14.535294,29.786492,71.978908,0.000000,0.000000,0.000000,0.000000,0.000000,0.000000,,,0.000000,0.000000,,,0.000000,0.000000,,,0.000000,0.000000,0.000000,0.000000,0.000000,0.000000,0.000000,0.000000,,,0.000000
2025,Omarion Hampton,LAC,38.600000,135.700000,15.077778,-55.456524,-19.894251,0.000000,0.000000,0.000000,0.000000,0.000000,0.000000,,,0.000000,0.000000,,,0.000000,0.000000,,,0.000000,0.000000,0.000000,0.000000,0.000000,0.000000,0.000000,0.000000,,,0.000000
2025,TreVeyon Henderson,NE,50.300000,208.200000,12.247059,28.420306,61.098836,0.000000,0.000000,0.000000,0.000000,0.000000,0.000000,,,0.000000,0.000000,,,0.000000,0.000000,,,0.000000,0.000000,0.000000,0.000000,0.000000,0.000000,0.000000,0.000000,,,0.000000
2025,RJ Harvey,DEN,61.900000,208.600000,12.270588,40.099898,69.919333,0.000000,0.000000,0.000000,0.000000,0.000000,0.000000,,,0.000000,0.000000,,,0.000000,0.000000,,,0.000000,0.000000,0.000000,0.000000,0.000000,0.000000,0.000000,0.000000,,,0.000000
2025,Kaleb Johnson,PIT,79.200000,8.800000,0.880000,-142.877952,-117.322513,0.000000,0.000000,0.000000,0.000000,0.000000,0.000000,,,0.000000,0.000000,,,0.000000,0.000000,,,0.000000,0.000000,0.000000,0.000000,0.000000,0.000000,0.000000,0.000000,,,0.000000
2025,Jacory Croskey-Merritt,WAS,107.500000,144.300000,8.488235,20.140362,38.720595,0.000000,0.000000,0.000000,0.000000,0.000000,0.000000,,,0.000000,0.000000,,,0.000000,0.000000,,,0.000000,0.000000,0.000000,0.000000,0.000000,0.000000,0.000000,0.000000,,,0.000000
2025,Quinshon Judkins,CLE,125.400000,167.800000,11.985714,61.045939,75.214293,0.000000,0.000000,0.000000,0.000000,0.000000,0.000000,,,0.000000,0.000000,,,0.000000,0.000000,,,0.000000,0.000000,0.000000,0.000000,0.000000,0.000000,0.000000,0.000000,,,0.000000
2025,Cam Skattebo,NYG,129.200000,127.700000,15.962500,24.640978,37.872731,0.000000,0.000000,0.000000,0.000000,0.000000,0.000000,,,0.000000,0.000000,,,0.000000,0.000000,,,0.000000,0.000000,0.000000,0.000000,0.000000,0.000000,0.000000,0.000000,,,0.000000
2025,Jaydon Blue,DAL,144.000000,20.400000,4.080000,-68.267819,-58.683877,0.000000,0.000000,0.000000,0.000000,0.000000,0.000000,,,0.000000,0.000000,,,0.000000,0.000000,,,0.000000,0.000000,0.000000,0.000000,0.000000,0.000000,0.000000,0.000000,,,0.000000
2025,Dylan Sampson,CLE,146.400000,89.600000,5.973333,3.265890,12.258295,0.000000,0.000000,0.000000,0.000000,0.000000,0.000000,,,0.000000,0.000000,,,0.000000,0.000000,,,0.000000,0.000000,0.000000,0.000000,0.000000,0.000000,0.000000,0.000000,,,0.000000
2025,Bhayshul Tuten,JAX,152.700000,90.600000,6.040000,10.391875,17.831496,0.000000,0.000000,0.000000,0.000000,0.000000,0.000000,,,0.000000,0.000000,,,0.000000,0.000000,,,0.000000,0.000000,0.000000,0.000000,0.000000,0.000000,0.000000,0.000000,,,0.000000
2025,Ollie Gordon II,MIA,152.900000,54.100000,3.381250,-25.913649,-18.523323,0.000000,0.000000,0.000000,0.000000,0.000000,0.000000,,,0.000000,0.000000,,,0.000000,0.000000,,,0.000000,0.000000,0.000000,0.000000,0.000000,0.000000,0.000000,0.000000,,,0.000000
2025,Kyle Monangai,CHI,156.800000,142.700000,8.918750,66.478627,72.907706,0.000000,0.000000,0.000000,0.000000,0.000000,0.000000,,,0.000000,0.000000,,,0.000000,0.000000,,,0.000000,0.000000,0.000000,0.000000,0.000000,0.000000,0.000000,0.000000,,,0.000000
2025,Woody Marks,HOU,157.300000,145.100000,9.068750,69.364817,75.670658,0.000000,0.000000,0.000000,0.000000,0.000000,0.000000,,,0.000000,0.000000,,,0.000000,0.000000,,,0.000000,0.000000,0.000000,0.000000,0.000000,0.000000,0.000000,0.000000,,,0.000000
