name,position,team,bye,fantasypros_ppr,rtsports_ppr,fantasydata_ppr,ffc_ppr,sleeper_ppr,source_count,planning_adp,source_note
Jahmyr Gibbs,RB,DET,6,1,1,1,1.6,1.1,4,1.05,FantasyPros PPR composite + FantasyData PPR + FFC PPR + Sleeper PPR
Bijan Robinson,RB,ATL,11,2,2,2,1.9,2.6,4,2,FantasyPros PPR composite + FantasyData PPR + FFC PPR + Sleeper PPR
Ja'Marr Chase,WR,CIN,6,3,3,3,3.9,3.8,4,3.4,FantasyPros PPR composite + FantasyData PPR + FFC PPR + Sleeper PPR
Puka Nacua,WR,LAR,11,4,4,4,3.1,4.4,4,4,FantasyPros PPR composite + FantasyData PPR + FFC PPR + Sleeper PPR
Christian McCaffrey,RB,SF,8,5.6,5,5,6.5,5.5,4,5.55,FantasyPros PPR composite + FantasyData PPR + FFC PPR + Sleeper PPR
Jaxon Smith-Njigba,WR,SEA,11,,,6,5.4,6.1,3,6,FantasyData PPR + FFC PPR + Sleeper PPR
Jonathan Taylor,RB,IND,13,,,7,7.4,6.1,3,7,FantasyData PPR + FFC PPR + Sleeper PPR
Ashton Jeanty,RB,LV,13,,,10,15.2,13.8,3,13.8,FantasyData PPR + FFC PPR + Sleeper PPR
Amon-Ra St. Brown,WR,DET,6,,,8,6.3,8.4,3,8,FantasyData PPR + FFC PPR + Sleeper PPR
James Cook,RB,BUF,7,,,9,12.6,10.5,3,10.5,FantasyData PPR + FFC PPR + Sleeper PPR
Devon Achane,RB,MIA,6,,,13,10.3,12,3,12,FantasyData PPR + FFC PPR + Sleeper PPR
Chase Brown,RB,CIN,6,,,14,13.5,17.5,3,14,FantasyData PPR + FFC PPR + Sleeper PPR
Justin Jefferson,WR,MIN,6,,,12,11.7,11.2,3,11.7,FantasyData PPR + FFC PPR + Sleeper PPR
CeeDee Lamb,WR,DAL,14,,,11,10.5,9.5,3,10.5,FantasyData PPR + FFC PPR + Sleeper PPR
Saquon Barkley,RB,PHI,10,,,16,19.8,13.7,3,16,FantasyData PPR + FFC PPR + Sleeper PPR
Omarion Hampton,RB,LAC,7,,,15,23.2,15.5,3,15.5,FantasyData PPR + FFC PPR + Sleeper PPR
Kenneth Walker III,RB,KC,5,,,17,22.3,19.9,3,19.9,FantasyData PPR + FFC PPR + Sleeper PPR
Trey McBride,TE,ARI,14,,,22,28.7,20.1,3,22,FantasyData PPR + FFC PPR + Sleeper PPR
Drake London,WR,ATL,11,,,18,9.9,16.1,3,16.1,FantasyData PPR + FFC PPR + Sleeper PPR
Derrick Henry,RB,BAL,13,,,20,17.7,20.3,3,20,FantasyData PPR + FFC PPR + Sleeper PPR
A.J. Brown,WR,NE,11,,,19,18.1,18.3,3,18.3,FantasyData PPR + FFC PPR + Sleeper PPR
Brock Bowers,TE,LV,13,,,21,35.5,22.1,3,22.1,FantasyData PPR + FFC PPR + Sleeper PPR
George Pickens,WR,DAL,14,,,23,19.7,23.3,3,23,FantasyData PPR + FFC PPR + Sleeper PPR
Javonte Williams,RB,DAL,14,,,31,36.8,36.2,3,36.2,FantasyData PPR + FFC PPR + Sleeper PPR
Josh Allen,QB,BUF,7,,,26,33.6,24.5,3,26,FantasyData PPR + FFC PPR + Sleeper PPR
Chris Olave,WR,NO,8,,,25,20.7,30.3,3,25,FantasyData PPR + FFC PPR + Sleeper PPR
Nico Collins,WR,HOU,8,,,24,21.2,25.7,3,24,FantasyData PPR + FFC PPR + Sleeper PPR
Jeremiyah Love,RB,ARI,14,,,29,29,26.8,3,29,FantasyData PPR + FFC PPR + Sleeper PPR
Malik Nabers,WR,NYG,8,,,27,27.2,27.8,3,27.2,FantasyData PPR + FFC PPR + Sleeper PPR
Josh Jacobs,RB,GB,11,,,35,31.2,31.4,3,31.4,FantasyData PPR + FFC PPR + Sleeper PPR
Kyren Williams,RB,LAR,11,,,30,31.4,29.2,3,30,FantasyData PPR + FFC PPR + Sleeper PPR
Breece Hall,RB,NYJ,13,,,32,34.4,32.5,3,32.5,FantasyData PPR + FFC PPR + Sleeper PPR
Rashee Rice,WR,KC,5,,,28,14.8,27,3,27,FantasyData PPR + FFC PPR + Sleeper PPR
Cam Skattebo,RB,NYG,8,,,41,36,43.7,3,41,FantasyData PPR + FFC PPR + Sleeper PPR
Zay Flowers,WR,BAL,13,,,34,24.9,41.1,3,34,FantasyData PPR + FFC PPR + Sleeper PPR
D.J. Moore,WR,BUF,7,,,52,49,58.5,3,52,FantasyData PPR + FFC PPR + Sleeper PPR
Emeka Egbuka,WR,TB,10,,,36,36.2,40.5,3,36.2,FantasyData PPR + FFC PPR + Sleeper PPR
DeVonta Smith,WR,PHI,10,,,33,29.3,37.5,3,33,FantasyData PPR + FFC PPR + Sleeper PPR
Travis Etienne,RB,NO,8,,,39,41.4,44.7,3,41.4,FantasyData PPR + FFC PPR + Sleeper PPR
Bucky Irving,RB,TB,10,,,49,45.8,39.3,3,45.8,FantasyData PPR + FFC PPR + Sleeper PPR
Quinshon Judkins,RB,CLE,11,,,46,51.1,53.2,3,51.1,FantasyData PPR + FFC PPR + Sleeper PPR
Garrett Wilson,WR,NYJ,13,,,40,26.3,45.8,3,40,FantasyData PPR + FFC PPR + Sleeper PPR
Tetairoa McMillan,WR,CAR,5,,,37,33.2,34.8,3,34.8,FantasyData PPR + FFC PPR + Sleeper PPR
Ladd McConkey,WR,LAC,7,,,43,37.5,38.6,3,38.6,FantasyData PPR + FFC PPR + Sleeper PPR
David Montgomery,RB,HOU,8,,,47,58.3,51.4,3,51.4,FantasyData PPR + FFC PPR + Sleeper PPR
Luther Burden III,WR,CHI,10,,,45,59.6,50.1,3,50.1,FantasyData PPR + FFC PPR + Sleeper PPR
Tee Higgins,WR,CIN,6,,,38,35.8,34.2,3,35.8,FantasyData PPR + FFC PPR + Sleeper PPR
Colston Loveland,TE,CHI,10,,,42,56.3,41.3,3,42,FantasyData PPR + FFC PPR + Sleeper PPR
TreVeyon Henderson,RB,NE,11,,,53,60.6,52.2,3,53,FantasyData PPR + FFC PPR + Sleeper PPR
D'Andre Swift,RB,CHI,10,,,51,45.9,55.1,3,51,FantasyData PPR + FFC PPR + Sleeper PPR
Jadarian Price,RB,SEA,11,,,63,80.5,69.7,3,69.7,FantasyData PPR + FFC PPR + Sleeper PPR
Lamar Jackson,QB,BAL,13,,,48,56.8,33.5,3,48,FantasyData PPR + FFC PPR + Sleeper PPR
Jaylen Waddle,WR,DEN,10,,,44,45.9,47.7,3,45.9,FantasyData PPR + FFC PPR + Sleeper PPR
Bhayshul Tuten,RB,JAX,7,,,59,53.2,61.1,3,59,FantasyData PPR + FFC PPR + Sleeper PPR
Tyler Warren,TE,IND,13,,,55,64.4,46,3,55,FantasyData PPR + FFC PPR + Sleeper PPR
Terry McLaurin,WR,WAS,7,,,54,46.7,55.9,3,54,FantasyData PPR + FFC PPR + Sleeper PPR
Jameson Williams,WR,DET,6,,,56,43.9,57.3,3,56,FantasyData PPR + FFC PPR + Sleeper PPR
Davante Adams,WR,LAR,11,,,50,41.6,48.2,3,48.2,FantasyData PPR + FFC PPR + Sleeper PPR
Rome Odunze,WR,CHI,10,,,62,50.7,66.1,3,62,FantasyData PPR + FFC PPR + Sleeper PPR
Mike Evans,WR,SF,8,,,60,52.9,59.5,3,59.5,FantasyData PPR + FFC PPR + Sleeper PPR
Harold Fannin Jr.,TE,CLE,11,,,72,78.3,67.1,3,72,FantasyData PPR + FFC PPR + Sleeper PPR
Jaylen Warren,RB,PIT,9,,,67,59.8,73.6,3,67,FantasyData PPR + FFC PPR + Sleeper PPR
Rico Dowdle,RB,PIT,9,,,82,75.4,88.5,3,82,FantasyData PPR + FFC PPR + Sleeper PPR
Joe Burrow,QB,CIN,6,,,57,56.7,54,3,56.7,FantasyData PPR + FFC PPR + Sleeper PPR
RJ Harvey,RB,DEN,10,,,75,84.5,79.9,3,79.9,FantasyData PPR + FFC PPR + Sleeper PPR
Drake Maye,QB,NE,11,,,58,51.5,48.1,3,51.5,FantasyData PPR + FFC PPR + Sleeper PPR
Jayden Daniels,QB,WAS,7,,,64,73.1,62.5,3,64,FantasyData PPR + FFC PPR + Sleeper PPR
Christian Watson,WR,GB,11,,,61,58.6,69.1,3,61,FantasyData PPR + FFC PPR + Sleeper PPR
Michael Wilson,WR,ARI,14,,,83,76.5,82.3,3,82.3,FantasyData PPR + FFC PPR + Sleeper PPR
Tucker Kraft,TE,GB,11,,,70,102.7,65.6,3,70,FantasyData PPR + FFC PPR + Sleeper PPR
Parker Washington,WR,JAX,7,,,65,64.7,76.7,3,65,FantasyData PPR + FFC PPR + Sleeper PPR
Rhamondre Stevenson,RB,NE,11,,,79,70,85.1,3,79,FantasyData PPR + FFC PPR + Sleeper PPR
Tony Pollard,RB,TEN,9,,,77,68.3,87.6,3,77,FantasyData PPR + FFC PPR + Sleeper PPR
Wan'Dale Robinson,WR,TEN,9,,,94,86.1,110.8,3,94,FantasyData PPR + FFC PPR + Sleeper PPR
Jonathon Brooks,RB,CAR,5,,,81,104.1,116.6,3,104.1,FantasyData PPR + FFC PPR + Sleeper PPR
Jalen Hurts,QB,PHI,10,,,71,80.3,62.9,3,71,FantasyData PPR + FFC PPR + Sleeper PPR
Marvin Harrison Jr.,WR,ARI,14,,,69,66.2,75.7,3,69,FantasyData PPR + FFC PPR + Sleeper PPR
Brian Thomas Jr.,WR,JAX,7,,,68,71.9,72.4,3,71.9,FantasyData PPR + FFC PPR + Sleeper PPR
Carnell Tate,WR,TEN,9,,,66,74.9,64,3,66,FantasyData PPR + FFC PPR + Sleeper PPR
J.K. Dobbins,RB,DEN,10,,,89,93.3,92.6,3,92.6,FantasyData PPR + FFC PPR + Sleeper PPR
Courtland Sutton,WR,DEN,10,,,74,60.4,80.9,3,74,FantasyData PPR + FFC PPR + Sleeper PPR
Chuba Hubbard,RB,CAR,5,,,85,77.8,76.1,3,77.8,FantasyData PPR + FFC PPR + Sleeper PPR
Jordan Mason,RB,MIN,6,,,,120.1,118.7,2,119.4,FFC PPR + Sleeper PPR
Chris Godwin,WR,TB,10,,,87,80.5,95.8,3,87,FantasyData PPR + FFC PPR + Sleeper PPR
Kyle Pitts,TE,ATL,11,,,78,76.1,68.2,3,76.1,FantasyData PPR + FFC PPR + Sleeper PPR
D.K. Metcalf,WR,PIT,9,,,76,65,74.3,3,74.3,FantasyData PPR + FFC PPR + Sleeper PPR
Sam LaPorta,TE,DET,6,,,80,90.5,60.1,3,80,FantasyData PPR + FFC PPR + Sleeper PPR
Caleb Williams,QB,CHI,10,,,73,88.7,71.9,3,73,FantasyData PPR + FFC PPR + Sleeper PPR
Blake Corum,RB,LAR,11,,,95,120.5,103.5,3,103.5,FantasyData PPR + FFC PPR + Sleeper PPR
Kyle Monangai,RB,CHI,10,,,91,111.7,96,3,96,FantasyData PPR + FFC PPR + Sleeper PPR
Dak Prescott,QB,DAL,14,,,84,65,81.7,3,81.7,FantasyData PPR + FFC PPR + Sleeper PPR
Rachaad White,RB,WAS,7,,,,108.7,128.2,2,118.45,FFC PPR + Sleeper PPR
Jacory Croskey-Merritt,RB,WAS,7,,,,118.1,111.9,2,115,FFC PPR + Sleeper PPR
Jaxson Dart,QB,NYG,8,,,97,118.1,83.5,3,97,FantasyData PPR + FFC PPR + Sleeper PPR
Trevor Lawrence,QB,JAX,7,,,88,92.7,97.5,3,92.7,FantasyData PPR + FFC PPR + Sleeper PPR
Kenneth Gainwell,RB,TB,10,,,99,90.6,111.4,3,99,FantasyData PPR + FFC PPR + Sleeper PPR
Isaiah Likely,TE,NYG,8,,,,137.3,113.7,2,125.5,FFC PPR + Sleeper PPR
Justin Herbert,QB,LAC,7,,,86,106.1,83.4,3,86,FantasyData PPR + FFC PPR + Sleeper PPR
Jordyn Tyson,WR,NO,8,,,,114,78.6,2,96.3,FFC PPR + Sleeper PPR
Alec Pierce,WR,IND,13,,,93,61.6,97.2,3,93,FantasyData PPR + FFC PPR + Sleeper PPR
Michael Pittman Jr.,WR,PIT,9,,,92,74.6,102.1,3,92,FantasyData PPR + FFC PPR + Sleeper PPR
Travis Kelce,TE,KC,5,,,,109.6,93.6,2,101.6,FFC PPR + Sleeper PPR
Josh Downs,WR,IND,13,,,98,82.9,109.6,3,98,FantasyData PPR + FFC PPR + Sleeper PPR
Stefon Diggs,WR,WAS,7,,,,91.4,115.9,2,103.65,FFC PPR + Sleeper PPR
Quentin Johnston,WR,LAC,7,,,90,93.8,108.9,3,93.8,FantasyData PPR + FFC PPR + Sleeper PPR
Jordan Addison,WR,MIN,6,,,,98.1,104.5,2,101.3,FFC PPR + Sleeper PPR
George Kittle,TE,SF,8,,,,118.2,90.3,2,104.25,FFC PPR + Sleeper PPR
Aaron Jones,RB,MIN,6,,,,100.8,123,2,111.9,FFC PPR + Sleeper PPR
Woody Marks,RB,HOU,8,,,,144.9,166.4,2,155.65,FFC PPR + Sleeper PPR
Jayden Reed,WR,GB,11,,,,94.1,114.5,2,104.3,FFC PPR + Sleeper PPR
Brandon Aubrey,K,DAL,14,,,,130.3,94.1,2,112.2,FFC PPR + Sleeper PPR
Makai Lemon,WR,PHI,10,,,96,115.8,86,3,96,FantasyData PPR + FFC PPR + Sleeper PPR
Jakobi Meyers,WR,JAX,7,,,,88.9,104.6,2,96.75,FFC PPR + Sleeper PPR
Tyrone Tracy Jr.,RB,NYG,8,,,,151.1,160.9,2,156,FFC PPR + Sleeper PPR
Zach Charbonnet,RB,SEA,11,,,,135.8,141.7,2,138.75,FFC PPR + Sleeper PPR
Jake Ferguson,TE,DAL,14,,,,133.3,100.8,2,117.05,FFC PPR + Sleeper PPR
Patrick Mahomes,QB,KC,5,,,,101.9,107.2,2,104.55,FFC PPR + Sleeper PPR
Bo Nix,QB,DEN,10,,,,113.2,121.1,2,117.15,FFC PPR + Sleeper PPR
Tyjae Spears,RB,TEN,9,,,,131.6,167,2,149.3,FFC PPR + Sleeper PPR
Matthew Stafford,QB,LAR,11,,,100,77.4,99.6,3,99.6,FantasyData PPR + FFC PPR + Sleeper PPR
Jared Goff,QB,DET,6,,,,100.1,132.8,2,116.45,FFC PPR + Sleeper PPR
Mark Andrews,TE,BAL,13,,,,129.4,129.5,2,129.45,FFC PPR + Sleeper PPR
Alvin Kamara,RB,NO,8,,,,142.8,160.2,2,151.5,FFC PPR + Sleeper PPR
Chris Rodriguez Jr.,RB,JAX,7,,,,156.6,144.6,2,150.6,FFC PPR + Sleeper PPR
Brock Purdy,QB,SF,8,,,,89,120.7,2,104.85,FFC PPR + Sleeper PPR
Houston Texans,D/ST,HOU,8,,,,97,,1,97,FFC PPR
Matthew Golden,WR,GB,11,,,,106.4,130.8,2,118.6,FFC PPR + Sleeper PPR
Tyler Allgeier,RB,ARI,14,,,,155.1,146.1,2,150.6,FFC PPR + Sleeper PPR
Deebo Samuel,WR,SF,8,,,,113.3,137.6,2,125.45,FFC PPR + Sleeper PPR
Romeo Doubs,WR,NE,11,,,,112.9,131.3,2,122.1,FFC PPR + Sleeper PPR
Dalton Kincaid,TE,BUF,7,,,,150.5,90,2,120.25,FFC PPR + Sleeper PPR
KC Concepcion,WR,CLE,11,,,,120.9,125.1,2,123,FFC PPR + Sleeper PPR
Rashid Shaheed,WR,SEA,11,,,,128.2,158.2,2,143.2,FFC PPR + Sleeper PPR
De'Zhaun Stribling,WR,SF,8,,,,141.2,155.2,2,148.2,FFC PPR + Sleeper PPR
Juwan Johnson,TE,NO,8,,,,139.9,187.1,2,163.5,FFC PPR + Sleeper PPR
Isiah Pacheco,RB,DET,6,,,,156.2,186.6,2,171.4,FFC PPR + Sleeper PPR
Keaton Mitchell,RB,LAC,7,,,,161.4,180.4,2,170.9,FFC PPR + Sleeper PPR
Los Angeles Rams,D/ST,LAR,11,,,,108.3,,1,108.3,FFC PPR
Jonah Coleman,RB,DEN,10,,,,156.9,167.3,2,162.1,FFC PPR + Sleeper PPR
Xavier Worthy,WR,KC,5,,,,106.3,139.3,2,122.8,FFC PPR + Sleeper PPR
Kyler Murray,QB,MIN,6,,,,133.5,159.1,2,146.3,FFC PPR + Sleeper PPR
Denver Broncos,D/ST,DEN,10,,,,87.9,,1,87.9,FFC PPR
Baker Mayfield,QB,TB,10,,,,129.5,139.7,2,134.6,FFC PPR + Sleeper PPR
Dallas Goedert,TE,PHI,10,,,,110.1,124.2,2,117.15,FFC PPR + Sleeper PPR
Seattle Seahawks,D/ST,SEA,11,,,,82.9,,1,82.9,FFC PPR
Cameron Dicker,K,LAC,7,,,,143.7,118.8,2,131.25,FFC PPR + Sleeper PPR
Tyler Shough,QB,NO,8,,,,134.5,169.4,2,151.95,FFC PPR + Sleeper PPR
Jalen Coker,WR,CAR,5,,,,120.5,143.4,2,131.95,FFC PPR + Sleeper PPR
Tank Bigsby,RB,PHI,10,,,,159.9,181.2,2,170.55,FFC PPR + Sleeper PPR
Jayden Higgins,WR,HOU,8,,,,129.4,148.7,2,139.05,FFC PPR + Sleeper PPR
Ka'imi Fairbairn,K,HOU,8,,,,143.6,134.6,2,139.1,FFC PPR + Sleeper PPR
MarShawn Lloyd,RB,GB,11,,,,161.2,200.3,2,180.75,FFC PPR + Sleeper PPR
Philadelphia Eagles,D/ST,PHI,10,,,,137.7,,1,137.7,FFC PPR
Jalen Nailor,WR,LV,13,,,,153.5,183.9,2,168.7,FFC PPR + Sleeper PPR
Brian Robinson Jr.,RB,ATL,11,,,,157.2,150.1,2,153.65,FFC PPR + Sleeper PPR
Calvin Ridley,WR,TEN,9,,,,144.7,253.2,2,198.95,FFC PPR + Sleeper PPR
Cam Little,K,JAX,7,,,,154,135.3,2,144.65,FFC PPR + Sleeper PPR
Khalil Shakir,WR,BUF,7,,,,100.2,138.6,2,119.4,FFC PPR + Sleeper PPR
Dylan Sampson,RB,CLE,11,,,,156.7,188.7,2,172.7,FFC PPR + Sleeper PPR
Jason Myers,K,SEA,11,,,,139.4,127.9,2,133.65,FFC PPR + Sleeper PPR
Jordan Love,QB,GB,11,,,,145.3,146.6,2,145.95,FFC PPR + Sleeper PPR
Chigoziem Okonkwo,TE,WAS,7,,,,154.7,171.9,2,163.3,FFC PPR + Sleeper PPR
Mike Washington Jr.,RB,LV,13,,,,156.7,202.1,2,179.4,FFC PPR + Sleeper PPR
Denzel Boston,WR,CLE,11,,,,140.1,163.2,2,151.65,FFC PPR + Sleeper PPR
Hunter Henry,TE,NE,11,,,,158.4,132.6,2,145.5,FFC PPR + Sleeper PPR
New England Patriots,D/ST,NE,11,,,,126.2,,1,126.2,FFC PPR
T.J. Hockenson,TE,MIN,6,,,,166.8,164.9,2,165.85,FFC PPR + Sleeper PPR
Malik Willis,QB,MIA,6,,,,161.6,192.5,2,177.05,FFC PPR + Sleeper PPR
Kayshon Boutte,WR,NE,11,,,,166.8,237.9,2,202.35,FFC PPR + Sleeper PPR
Jerry Jeudy,WR,CLE,11,,,,127.6,190.1,2,158.85,FFC PPR + Sleeper PPR
Minnesota Vikings,D/ST,MIN,6,,,,108.2,,1,108.2,FFC PPR
David Njoku,TE,LAC,7,,,,,207.5,1,207.5,Sleeper PPR
Jake Bates,K,DET,6,,,,145.6,157.4,2,151.5,FFC PPR + Sleeper PPR
Braelon Allen,RB,NYJ,13,,,,157.5,211,2,184.25,FFC PPR + Sleeper PPR
Jacksonville Jaguars,D/ST,JAX,7,,,,156.7,,1,156.7,FFC PPR
Brenton Strange,TE,JAX,7,,,,163.4,151.4,2,157.4,FFC PPR + Sleeper PPR
Pittsburgh Steelers,D/ST,PIT,9,,,,133.3,,1,133.3,FFC PPR
Tyler Loop,K,BAL,13,,,,154,201.8,2,177.9,FFC PPR + Sleeper PPR
Harrison Mevis,K,LAR,11,,,,151.5,149.8,2,150.65,FFC PPR + Sleeper PPR
Jauan Jennings,WR,MIN,6,,,,148.5,194.1,2,171.3,FFC PPR + Sleeper PPR
Los Angeles Chargers,D/ST,LAC,7,,,,143,,1,143,FFC PPR
Sam Darnold,QB,SEA,11,,,,141.3,177.5,2,159.4,FFC PPR + Sleeper PPR
Jaydon Blue,RB,DAL,14,,,,167.5,232.5,2,200,FFC PPR + Sleeper PPR
Ja'Kobi Lane,WR,BAL,13,,,,158.6,174.3,2,166.45,FFC PPR + Sleeper PPR
Justice Hill,RB,BAL,13,,,,167.9,,1,167.9,FFC PPR
Tank Dell,WR,HOU,8,,,,157.4,176.1,2,166.75,FFC PPR + Sleeper PPR
Kenyon Sadiq,TE,NYJ,13,,,,163.4,145.6,2,154.5,FFC PPR + Sleeper PPR
Malik Washington,WR,MIA,6,,,,149.4,199.4,2,174.4,FFC PPR + Sleeper PPR
Green Bay Packers,D/ST,GB,11,,,,154.6,,1,154.6,FFC PPR
Cam Ward,QB,TEN,9,,,,171.6,208.2,2,189.9,FFC PPR + Sleeper PPR
Malachi Fields,WR,NYG,8,,,,159.5,223.2,2,191.35,FFC PPR + Sleeper PPR
Eddy Pineiro,K,SF,8,,,,165.2,174,2,169.6,FFC PPR + Sleeper PPR
Dontayvion Wicks,WR,PHI,10,,,,168.2,,1,168.2,FFC PPR
Ray Davis,RB,BUF,7,,,,159.9,233.3,2,196.6,FFC PPR + Sleeper PPR
Nicholas Singleton,RB,TEN,9,,,,,191.2,1,191.2,Sleeper PPR
Omar Cooper Jr.,WR,NYJ,13,,,,168,173.3,2,170.65,FFC PPR + Sleeper PPR
Sean Tucker,RB,TB,10,,,,,243.9,1,243.9,Sleeper PPR
C.J. Stroud,QB,HOU,8,,,,160.3,204.9,2,182.6,FFC PPR + Sleeper PPR
Caleb Douglas,WR,MIA,6,,,,174.7,,1,174.7,FFC PPR
Zachariah Branch,WR,ATL,11,,,,,188.2,1,188.2,Sleeper PPR
Tyreek Hill,WR,MIA,6,,,,,,0,192.63,Preserved v0.12.9 planning ADP; no current broad-feed match
Jalen McMillan,WR,TB,10,,,,135.4,195.8,2,165.6,FFC PPR + Sleeper PPR
Kaelon Black,RB,SF,8,,,,156.8,,1,156.8,FFC PPR
Keenan Allen,WR,IND,13,,,,129.3,219.1,2,174.2,FFC PPR + Sleeper PPR
Tre Tucker,WR,LV,13,,,,132.8,205.3,2,169.05,FFC PPR + Sleeper PPR
Christian Kirk,WR,SF,8,,,,169.8,241.7,2,205.75,FFC PPR + Sleeper PPR
Daniel Jones,QB,IND,13,,,,159.7,206.2,2,182.95,FFC PPR + Sleeper PPR
Andres Borregales,K,NE,11,,,,172.1,153.8,2,162.95,FFC PPR + Sleeper PPR
Oronde Gadsden II,TE,LAC,7,,,,146.5,117.9,2,132.2,FFC PPR + Sleeper PPR
Baltimore Ravens,D/ST,BAL,13,,,,162.7,,1,162.7,FFC PPR
George Holani,RB,SEA,11,,,,,,0,196.61,Preserved v0.12.9 planning ADP; no current broad-feed match
Jacoby Brissett,QB,ARI,14,,,,167.8,243,2,205.4,FFC PPR + Sleeper PPR
Jordan James,RB,SF,8,,,,144.2,,1,144.2,FFC PPR
Dallas Cowboys,D/ST,DAL,14,,,,164.9,,1,164.9,FFC PPR
Cyrus Allen,WR,KC,5,,,,149.2,198.2,2,173.7,FFC PPR + Sleeper PPR
Kaytron Allen,RB,WAS,7,,,,,240.6,1,240.6,Sleeper PPR
Emmett Johnson,RB,KC,5,,,,161.8,195.6,2,178.7,FFC PPR + Sleeper PPR
Demond Claiborne,RB,MIN,6,,,,,242,1,242,Sleeper PPR
Ty Johnson,RB,BUF,7,,,,169.7,,1,169.7,FFC PPR
Bryce Young,QB,CAR,5,,,,174.1,229.7,2,201.9,FFC PPR + Sleeper PPR
Kimani Vidal,RB,LAC,7,,,,,241.3,1,241.3,Sleeper PPR
Dalton Schultz,TE,HOU,8,,,,163.5,193.2,2,178.35,FFC PPR + Sleeper PPR
Jaylen Wright,RB,MIA,6,,,,,247.9,1,247.9,Sleeper PPR
Jalen Tolbert,WR,MIA,6,,,,,,0,200.21,Preserved v0.12.9 planning ADP; no current broad-feed match
Germie Bernard,WR,PIT,9,,,,166.8,230.8,2,198.8,FFC PPR + Sleeper PPR
Samaje Perine,RB,CIN,6,,,,,,0,200.85,Preserved v0.12.9 planning ADP; no current broad-feed match
Chase McLaughlin,K,TB,10,,,,154.3,223.4,2,188.85,FFC PPR + Sleeper PPR
Cooper Kupp,WR,SEA,11,,,,150.7,225.1,2,187.9,FFC PPR + Sleeper PPR
Devin Singletary,RB,NYG,8,,,,,,0,201.98,Preserved v0.12.9 planning ADP; no current broad-feed match
James Conner,RB,ARI,14,,,,159.2,216.3,2,187.75,FFC PPR + Sleeper PPR
Greg Dulcich,TE,MIA,6,,,,177,230.4,2,203.7,FFC PPR + Sleeper PPR
Will Reichard,K,MIN,6,,,,162.6,170.9,2,166.75,FFC PPR + Sleeper PPR
Buffalo Bills,D/ST,BUF,7,,,,159.7,,1,159.7,FFC PPR
Fernando Mendoza,QB,LV,13,,,,157.4,178.3,2,167.85,FFC PPR + Sleeper PPR
Kareem Hunt,RB,KC,5,,,,,,0,203.6,Preserved v0.12.9 planning ADP; no current broad-feed match
Aaron Rodgers,QB,PIT,9,,,,161.7,227.9,2,194.8,FFC PPR + Sleeper PPR
New York Giants,D/ST,NYG,8,,,,168,,1,168,FFC PPR
Charlie Smyth,K,NO,8,,,,,269,1,269,Sleeper PPR
Harrison Butker,K,KC,5,,,,159.4,181.2,2,170.3,FFC PPR + Sleeper PPR
Pat Freiermuth,TE,PIT,9,,,,185.8,239.9,2,212.85,FFC PPR + Sleeper PPR
Adonai Mitchell,WR,NYJ,13,,,,161.3,237.7,2,199.5,FFC PPR + Sleeper PPR
Kaleb Johnson,RB,PIT,9,,,,,217.5,1,217.5,Sleeper PPR
Travis Hunter,WR,JAX,7,,,,163.3,165.1,2,164.2,FFC PPR + Sleeper PPR
Keon Coleman,WR,BUF,7,,,,98.6,234.8,2,166.7,FFC PPR + Sleeper PPR
Jake Tonges,TE,SF,8,,,,,241.4,1,241.4,Sleeper PPR
Chris Boswell,K,PIT,9,,,,157.1,156.7,2,156.9,FFC PPR + Sleeper PPR
AJ Barner,TE,SEA,11,,,,157.5,185.4,2,171.45,FFC PPR + Sleeper PPR
Terrance Ferguson,TE,LAR,11,,,,165.8,209.4,2,187.6,FFC PPR + Sleeper PPR
Darnell Mooney,WR,NYG,8,,,,,249.2,1,249.2,Sleeper PPR
Cleveland Browns,D/ST,CLE,11,,,,160,,1,160,FFC PPR
Devaughn Vele,WR,NO,8,,,,168.1,239.8,2,203.95,FFC PPR + Sleeper PPR
Evan McPherson,K,CIN,6,,,,170.1,184,2,177.05,FFC PPR + Sleeper PPR
Cairo Santos,K,CHI,10,,,,166.8,216.3,2,191.55,FFC PPR + Sleeper PPR
Antonio Williams,WR,WAS,7,,,,165.6,218.7,2,192.15,FFC PPR + Sleeper PPR
Detroit Lions,D/ST,DET,6,,,,129.4,,1,129.4,FFC PPR
Wil Lutz,K,DEN,10,,,,160.8,253.3,2,207.05,FFC PPR + Sleeper PPR
Cade Otton,TE,TB,10,,,,,215.2,1,215.2,Sleeper PPR
Chicago Bears,D/ST,CHI,10,,,,169,,1,169,FFC PPR
New Orleans Saints,D/ST,NO,8,,,,172.8,,1,172.8,FFC PPR
Trey Smack,K,GB,11,,,,152.5,353.2,2,252.85,FFC PPR + Sleeper PPR
Emanuel Wilson,RB,SEA,11,,,,,250.3,1,250.3,Sleeper PPR
Jake Elliott,K,PHI,10,,,,153.2,220.3,2,186.75,FFC PPR + Sleeper PPR
Ryan Flournoy,WR,DAL,14,,,,159.2,235.5,2,197.35,FFC PPR + Sleeper PPR
Tyler Bass,K,BUF,7,,,,156.6,299,2,227.8,FFC PPR + Sleeper PPR
Kansas City Chiefs,D/ST,KC,5,,,,167,,1,167,FFC PPR
San Francisco 49ers,D/ST,SF,8,,,,153.9,,1,153.9,FFC PPR
Isaac TeSlaa,WR,DET,6,,,,165.8,212.4,2,189.1,FFC PPR + Sleeper PPR
Tennessee Titans,D/ST,TEN,9,,,,172.6,,1,172.6,FFC PPR
Ollie Gordon II,RB,MIA,6,,,,,,0,215.2,Preserved v0.12.9 planning ADP; no current broad-feed match
DJ Giddens,RB,IND,13,,,,,,0,215.49,Preserved v0.12.9 planning ADP; no current broad-feed match
Gunnar Helm,TE,TEN,9,,,,,234.3,1,234.3,Sleeper PPR
Tre' Harris,WR,LAC,7,,,,169.2,209.8,2,189.5,FFC PPR + Sleeper PPR
J.J. McCarthy,QB,MIN,6,,,,,224.2,1,224.2,Sleeper PPR
Pat Bryant,WR,DEN,10,,,,168.4,228.3,2,198.35,FFC PPR + Sleeper PPR
Jaylin Noel,WR,HOU,8,,,,163.5,213.7,2,188.6,FFC PPR + Sleeper PPR
Brashard Smith,RB,KC,5,,,,,226.3,1,226.3,Sleeper PPR
Ty Simpson,QB,LAR,11,,,,,241.8,1,241.8,Sleeper PPR
Eli Stowers,TE,PHI,10,,,,,239.6,1,239.6,Sleeper PPR
Nate Boerkircher,TE,JAX,7,,,,,,0,,Preserved v0.12.9 planning ADP; no current broad-feed match
Marlin Klein,TE,HOU,8,,,,,,0,,Preserved v0.12.9 planning ADP; no current broad-feed match
Max Klare,TE,LAR,11,,,,,248.8,1,248.8,Sleeper PPR
Carson Beck,QB,ARI,14,,,,,,0,,Preserved v0.12.9 planning ADP; no current broad-feed match
Sam Roush,TE,CHI,10,,,,,,0,,Preserved v0.12.9 planning ADP; no current broad-feed match
Oscar Delp,TE,NO,8,,,,,,0,,Preserved v0.12.9 planning ADP; no current broad-feed match
Drew Allar,QB,PIT,9,,,,,699.6,1,699.6,Sleeper PPR
Chris Brazzell II,WR,CAR,5,,,,,400,1,400,Sleeper PPR
Ted Hurst,WR,TB,10,,,,,239.6,1,239.6,Sleeper PPR
Will Kacmarek,TE,MIA,6,,,,,,0,,Preserved v0.12.9 planning ADP; no current broad-feed match
Zavion Thomas,WR,CHI,10,,,,,,0,,Preserved v0.12.9 planning ADP; no current broad-feed match
Chris Bell,WR,MIA,6,,,,,240.9,1,240.9,Sleeper PPR
Eli Raridon,TE,NE,11,,,,,,0,,Preserved v0.12.9 planning ADP; no current broad-feed match
Brenen Thompson,WR,LAC,7,,,,,,0,,Preserved v0.12.9 planning ADP; no current broad-feed match
Cade Klubnik,QB,NYJ,13,,,,,,0,,Preserved v0.12.9 planning ADP; no current broad-feed match
Elijah Sarratt,WR,BAL,13,,,,,229.2,1,229.2,Sleeper PPR
Kaden Wetjen,WR,PIT,9,,,,172.5,,1,172.5,FFC PPR
Skyler Bell,WR,BUF,7,,,,,,0,,Preserved v0.12.9 planning ADP; no current broad-feed match
Matthew Hibner,TE,BAL,13,,,,,,0,,Preserved v0.12.9 planning ADP; no current broad-feed match
Bryce Lance,WR,NO,8,,,,,,0,,Preserved v0.12.9 planning ADP; no current broad-feed match
Colbie Young,WR,CIN,6,,,,,,0,,Preserved v0.12.9 planning ADP; no current broad-feed match
Reggie Virgil,WR,ARI,14,,,,,,0,,Preserved v0.12.9 planning ADP; no current broad-feed match
Justin Joly,TE,DEN,10,,,,,,0,,Preserved v0.12.9 planning ADP; no current broad-feed match
Max Bredeson,TE,MIN,6,,,,,667.3,1,667.3,Sleeper PPR
Tanner Koziol,TE,JAX,7,,,,,,0,,Preserved v0.12.9 planning ADP; no current broad-feed match
Kendrick Law,WR,DET,6,,,,,,0,,Preserved v0.12.9 planning ADP; no current broad-feed match
Riley Nowakowski,TE,PIT,9,,,,,643.4,1,643.4,Sleeper PPR
Joe Royer,TE,CLE,11,,,,,683,1,683,Sleeper PPR
Josh Cuevas,TE,BAL,13,,,,,697.1,1,697.1,Sleeper PPR
Adam Randall,RB,BAL,13,,,,,,0,,Preserved v0.12.9 planning ADP; no current broad-feed match
Kevin Coleman Jr.,WR,MIA,6,,,,,,0,,Preserved v0.12.9 planning ADP; no current broad-feed match
Cole Payton,QB,PHI,10,,,,,,0,,Preserved v0.12.9 planning ADP; no current broad-feed match
Seydou Traore,TE,MIA,6,,,,,433.5,1,433.5,Sleeper PPR
Taylen Green,QB,CLE,11,,,,,,0,,Preserved v0.12.9 planning ADP; no current broad-feed match
Bauer Sharp,TE,TB,10,,,,,,0,,Preserved v0.12.9 planning ADP; no current broad-feed match
Barion Brown,WR,NO,8,,,,,,0,,Preserved v0.12.9 planning ADP; no current broad-feed match
Josh Cameron,WR,JAX,7,,,,,,0,,Preserved v0.12.9 planning ADP; no current broad-feed match
Malik Benson,WR,LV,13,,,,,,0,,Preserved v0.12.9 planning ADP; no current broad-feed match
CJ Daniels,WR,LAR,11,,,,,,0,,Preserved v0.12.9 planning ADP; no current broad-feed match
Emmanuel Henderson Jr.,WR,SEA,11,,,,,,0,,Preserved v0.12.9 planning ADP; no current broad-feed match
CJ Williams,WR,JAX,7,,,,,,0,,Preserved v0.12.9 planning ADP; no current broad-feed match
Lewis Bond,WR,HOU,8,,,,,678.4,1,678.4,Sleeper PPR
Anthony Smith,WR,DAL,14,,,,,,0,,Preserved v0.12.9 planning ADP; no current broad-feed match
Jack Endries,TE,CIN,6,,,,,,0,,Preserved v0.12.9 planning ADP; no current broad-feed match
Athan Kaliakmanis,QB,WAS,7,,,,,442,1,442,Sleeper PPR
Jaren Kanak,TE,TEN,9,,,,,530.2,1,530.2,Sleeper PPR
Behren Morton,QB,NE,11,,,,,,0,,Preserved v0.12.9 planning ADP; no current broad-feed match
Seth McGowan,RB,IND,13,,,,,,0,,Preserved v0.12.9 planning ADP; no current broad-feed match
Jam Miller,RB,NE,11,,,,,,0,,Preserved v0.12.9 planning ADP; no current broad-feed match
Carsen Ryan,TE,CLE,11,,,,,,0,,Preserved v0.12.9 planning ADP; no current broad-feed match
Garrett Nussmeier,QB,KC,5,,,,,668,1,668,Sleeper PPR
Deion Burks,WR,IND,13,,,,,,0,,Preserved v0.12.9 planning ADP; no current broad-feed match
Dallen Bentley,TE,DEN,10,,,,,,0,,Preserved v0.12.9 planning ADP; no current broad-feed match
Rashod Bateman,WR,BAL,13,,,,149.5,232.7,2,191.1,FFC PPR + Sleeper PPR
Brandon Aiyuk,WR,SF,8,,,,156.8,251.4,2,204.1,FFC PPR + Sleeper PPR
Troy Franklin,WR,DEN,10,,,,180.2,241.8,2,211,FFC PPR + Sleeper PPR
Blake Grupe,K,IND,13,,,,164.1,,1,164.1,FFC PPR
Cincinnati Bengals,D/ST,CIN,6,,,,170.8,,1,170.8,FFC PPR
Atlanta Falcons,D/ST,ATL,11,,,,177.1,,1,177.1,FFC PPR
