player,nfl_team,current_adp,planning_adp,situation_score,breakout_score,competition_score,depth_role,rz20Role,rz10Role,rz5Role,historicalOwnRoleDelta,historicalGoalLineCompetition,goalLineCompetition,topHistoricalCompetitor2026Team,topCompetitorStillTeammate,qbGoalLineShare,teHybridGoalLineShare,shortYardageSpecialist,teamScoringEnvironment,roleChangeDirection,roleChangeMagnitude,confidence,currentSystemContext,evidenceSummary,situation_summary
Jahmyr Gibbs,DET,1.600000,1.05,81,,80,RB1,0.577778,0.448980,0.370370,-0.065527,0.629630,,HOU,False,0.000000,0.000000,1.000000,3.294118,PROJECTED_RELIEF,0.629630,MEDIUM,"Established 2025 role; 2025 top inside-5 competitor David Montgomery is on Houston in the current pool, creating projected relief but no quantified current share.",2025 retrospective all-rusher shares i20/i10/i5=0.58/0.45/0.37; top i5 teammate David Montgomery (RB) 0.63; same team; current competitor continuity=no/unknown,"RB1. No current injury flag found in the public CBS listing at retrieval. Role, offense-context, and competition scores are retained unless the availability change required a documented situation adjustment."
Bijan Robinson,ATL,1.900000,2,78,,80,RB1,0.500000,0.439024,0.458333,-0.208333,0.416667,,ARI,False,0.125000,0.000000,1.000000,2.117647,PROJECTED_RELIEF,0.416667,MEDIUM,"Established role under the post-Arthur Smith offense; 2025 top inside-5 competitor Tyler Allgeier is on Arizona in the current pool, creating projected relief but no quantified current share.",2025 retrospective all-rusher shares i20/i10/i5=0.50/0.44/0.46; top i5 teammate Tyler Allgeier (RB) 0.42; same team; current competitor continuity=no/unknown,"RB1. No current injury flag found in the public CBS listing at retrieval. Role, offense-context, and competition scores are retained unless the availability change required a documented situation adjustment."
Christian McCaffrey,SF,6.600000,5.55,78,,80,RB1,0.757576,0.804348,0.769231,0.734748,0.115385,0.115385,SF,True,0.115385,0.000000,0.000000,2.823529,RISING,0.734748,MEDIUM,No independently verified 2026 role report; prior-season evidence only.,2025 retrospective all-rusher shares i20/i10/i5=0.76/0.80/0.77; top i5 teammate Brock Purdy (QB) 0.08; same team; current competitor continuity=yes,"RB1. Undisclosed; Questionable for Week 1 at L.A. Rams; CBS updated Fri, Aug 21; NFFC Return Date 8/27/2026 is non-publication metadata. Role, offense-context, and competition scores are retained unless the availability change required a documented situation adjustment."
Jonathan Taylor,IND,7.500000,7,79,,80,RB1,0.689320,0.677966,0.666667,0.153846,0.277778,0.277778,IND,True,0.194444,0.083333,0.000000,3.058824,RISING,0.153846,MEDIUM,No independently verified 2026 role report; prior-season evidence only.,2025 retrospective all-rusher shares i20/i10/i5=0.69/0.68/0.67; top i5 teammate Daniel Jones (QB) 0.17; same team; current competitor continuity=yes,"RB1. No current injury flag found in the public CBS listing at retrieval. Role, offense-context, and competition scores are retained unless the availability change required a documented situation adjustment."
De'Von Achane,MIA,10.400000,12,69,,80,RB1,0.457143,0.343750,0.312500,-0.387500,0.375000,0.375000,MIA,True,0.000000,0.062500,1.000000,2.176471,DECLINING,-0.387500,MEDIUM,No independently verified 2026 role report; prior-season evidence only.,2025 retrospective all-rusher shares i20/i10/i5=0.46/0.34/0.31; top i5 teammate Ollie Gordon II (RB) 0.38; same team; current competitor continuity=yes,"RB1. No current injury flag found in the public CBS listing at retrieval. Role, offense-context, and competition scores are retained unless the availability change required a documented situation adjustment."
James Cook III,BUF,12.700000,10.5,89,,80,RB1,0.504505,0.412698,0.372093,-0.096657,0.418605,0.418605,BUF,True,0.395349,0.000000,1.000000,3.470588,STABLE,-0.096657,MEDIUM,No independently verified 2026 role report; prior-season evidence only.,2025 retrospective all-rusher shares i20/i10/i5=0.50/0.41/0.37; top i5 teammate Josh Allen (QB) 0.40; same team; current competitor continuity=yes,"RB1. No current injury flag found in the public CBS listing at retrieval. Role, offense-context, and competition scores are retained unless the availability change required a documented situation adjustment."
Chase Brown,CIN,13.400000,14,77,,80,RB1,0.627119,0.612903,0.650000,0.111538,0.200000,0.200000,CIN,True,0.150000,0.000000,1.000000,2.764706,STABLE,0.111538,MEDIUM,No independently verified 2026 role report; prior-season evidence only.,2025 retrospective all-rusher shares i20/i10/i5=0.63/0.61/0.65; top i5 teammate Samaje Perine (RB) 0.20; same team; current competitor continuity=yes,"RB1. No current injury flag found in the public CBS listing at retrieval. Role, offense-context, and competition scores are retained unless the availability change required a documented situation adjustment."
Ashton Jeanty,LV,15.100000,13.8,74,,80,RB1,0.744681,0.850000,0.846154,,0.153846,,UNKNOWN,False,0.153846,0.000000,0.000000,1.470588,NEW_ROLE,,MEDIUM,No independently verified 2026 role report; prior-season evidence only.,2025 retrospective all-rusher shares i20/i10/i5=0.74/0.85/0.85; top i5 teammate Geno Smith (QB) 0.15; same team; current competitor continuity=no/unknown,"RB1. No current injury flag found in the public CBS listing at retrieval. Role, offense-context, and competition scores are retained unless the availability change required a documented situation adjustment."
Derrick Henry,BAL,17.600000,20,80,,80,RB1,0.594340,0.769231,0.843750,-0.025815,0.125000,0.125000,BAL,True,0.031250,0.093750,0.000000,2.705882,STABLE,-0.025815,MEDIUM,No independently verified 2026 role report; prior-season evidence only.,2025 retrospective all-rusher shares i20/i10/i5=0.59/0.77/0.84; top i5 teammate Mark Andrews (TE) 0.09; same team; current competitor continuity=yes,"RB1. No current injury flag found in the public CBS listing at retrieval. Role, offense-context, and competition scores are retained unless the availability change required a documented situation adjustment."
Saquon Barkley,PHI,19.700000,16,86,,80,RB1,0.488889,0.510204,0.454545,0.019763,0.363636,0.363636,PHI,True,0.363636,0.000000,1.000000,2.529412,STABLE,0.019763,MEDIUM,No independently verified 2026 role report; prior-season evidence only.,2025 retrospective all-rusher shares i20/i10/i5=0.49/0.51/0.45; top i5 teammate Jalen Hurts (QB) 0.36; same team; current competitor continuity=yes,"RB1. No current injury flag found in the public CBS listing at retrieval. Role, offense-context, and competition scores are retained unless the availability change required a documented situation adjustment."
Kenneth Walker,KC,22.200000,19.9,80,,80,RB1,0.354167,0.217391,0.285714,-0.142857,0.678571,,SEA,False,0.000000,0.035714,1.000000,2.588235,SYSTEM_CHANGED,,LOW,Moved from Seattle to Kansas City; prior Seahawks shares and Zach Charbonnet competition are not projected onto the new system.,2025 retrospective all-rusher shares i20/i10/i5=0.35/0.22/0.29; top i5 teammate Zach Charbonnet (RB) 0.68; team/system changed; current competitor continuity=no/unknown,"RB1. No current injury flag found in the public CBS listing at retrieval. Role, offense-context, and competition scores are retained unless the availability change required a documented situation adjustment."
Omarion Hampton,LAC,23.200000,15.5,86,88,80,RB1,0.351351,0.428571,0.380952,,0.333333,0.333333,LAC,True,0.190476,0.000000,1.000000,2.117647,NEW_ROLE,,MEDIUM,No independently verified 2026 role report; prior-season evidence only.,2025 retrospective all-rusher shares i20/i10/i5=0.35/0.43/0.38; top i5 teammate Kimani Vidal (RB) 0.33; same team; current competitor continuity=yes,"RB1. No current injury flag found in the public CBS listing at retrieval. Role, offense-context, and competition scores are retained unless the availability change required a documented situation adjustment."
Jeremiyah Love,ARI,27.900000,29,66,,80,RB1,,,,,,,UNKNOWN,False,,,,,SYSTEM_CHANGED,,LOW,No independently verified 2026 role report; prior-season evidence only.,No 2025 NFL rushing-role evidence,"RB1. Ankle; Questionable for Week 1 at L.A. Chargers; CBS updated Thu, Aug 13; NFFC Return Date 8/22/2026 is non-publication metadata. Role, offense-context, and competition scores are retained unless the availability change required a documented situation adjustment."
Josh Jacobs,GB,30.900000,31.4,70,,80,RB1,0.553191,0.666667,0.740741,0.013468,0.148148,,SEA,False,0.111111,0.000000,0.000000,2.588235,STABLE,0.013468,MEDIUM,No independently verified 2026 role report; prior-season evidence only.,2025 retrospective all-rusher shares i20/i10/i5=0.55/0.67/0.74; top i5 teammate Emanuel Wilson (RB) 0.15; same team; current competitor continuity=no/unknown,"RB1. Groin; Questionable for Week 1 at Minnesota; CBS updated Tue, Aug 11; NFFC Return Date 8/21/2026 is non-publication metadata. Role, offense-context, and competition scores are retained unless the availability change required a documented situation adjustment."
Kyren Williams,LAR,31.500000,30,88,,80,RB1,0.616279,0.588235,0.562500,-0.151786,0.406250,0.406250,LAR,True,0.031250,0.000000,1.000000,3.705882,DECLINING,-0.151786,MEDIUM,No independently verified 2026 role report; prior-season evidence only.,2025 retrospective all-rusher shares i20/i10/i5=0.62/0.59/0.56; top i5 teammate Blake Corum (RB) 0.41; same team; current competitor continuity=yes,"RB1. No current injury flag found in the public CBS listing at retrieval. Role, offense-context, and competition scores are retained unless the availability change required a documented situation adjustment."
Breece Hall,NYJ,34.600000,32.5,69,,80,RB1,0.380952,0.357143,0.333333,-0.512821,0.416667,,UNKNOWN,False,0.416667,0.000000,1.000000,1.529412,PROJECTED_RELIEF,0.416667,MEDIUM,No independently verified 2026 role report; prior-season evidence only.,2025 retrospective all-rusher shares i20/i10/i5=0.38/0.36/0.33; top i5 teammate Justin Fields (QB) 0.42; same team; current competitor continuity=no/unknown,"RB1. Groin injury remains listed as questionable for Week 1; uncertainty is preserved. Role, offense-context, and competition scores are retained unless the availability change required a documented situation adjustment."
Cam Skattebo,NYG,36.400000,41,77,72,80,RB1,0.244898,0.250000,0.322581,,0.322581,0.322581,NYG,True,0.290323,0.000000,1.000000,2.529412,NEW_ROLE,,MEDIUM,"Giants official camp report: returned and good to go; Matt Nagy is the 2026 OC. Preseason role reporting remained uncertain, so no current goal-line share is asserted.",2025 retrospective all-rusher shares i20/i10/i5=0.24/0.25/0.32; top i5 teammate Devin Singletary (RB) 0.32; same team; current competitor continuity=yes,"RB1. No current injury flag found in the public CBS listing at retrieval. Role, offense-context, and competition scores are retained unless the availability change required a documented situation adjustment."
Javonte Williams,DAL,36.700000,36.2,81,,80,RB1,0.627907,0.622222,0.666667,0.250000,0.166667,0.166667,DAL,True,0.166667,0.000000,0.000000,2.882353,RISING,0.250000,MEDIUM,No independently verified 2026 role report; prior-season evidence only.,2025 retrospective all-rusher shares i20/i10/i5=0.63/0.62/0.67; top i5 teammate Dak Prescott (QB) 0.13; same team; current competitor continuity=yes,"RB1. No current injury flag found in the public CBS listing at retrieval. Role, offense-context, and competition scores are retained unless the availability change required a documented situation adjustment."
Travis Etienne Jr.,NO,40.700000,41.4,78,,80,RB1,0.469565,0.472727,0.352941,0.125668,0.382353,,JAX,False,0.323529,0.058824,1.000000,3.000000,SYSTEM_CHANGED,,LOW,No independently verified 2026 role report; prior-season evidence only.,2025 retrospective all-rusher shares i20/i10/i5=0.47/0.47/0.35; top i5 teammate Trevor Lawrence (QB) 0.32; team/system changed; current competitor continuity=no/unknown,"RB1. No current injury flag found in the public CBS listing at retrieval. Role, offense-context, and competition scores are retained unless the availability change required a documented situation adjustment."
Bucky Irving,TB,45.300000,45.8,85,,80,RB1,0.272727,0.187500,0.000000,-0.500000,0.500000,0.500000,TB,True,0.045455,0.045455,1.000000,2.294118,DECLINING,-0.500000,LOW_MEDIUM,No independently verified 2026 role report; prior-season evidence only.,2025 retrospective all-rusher shares i20/i10/i5=0.27/0.19/0.00; top i5 teammate Sean Tucker (RB) 0.50; same team; current competitor continuity=yes,"RB1. No current injury flag found in the public CBS listing at retrieval. Role, offense-context, and competition scores are retained unless the availability change required a documented situation adjustment."
D'Andre Swift,CHI,45.800000,51,86,,80,RB1,0.408163,0.444444,0.500000,0.083333,0.428571,0.428571,CHI,True,0.071429,0.000000,1.000000,2.764706,STABLE,0.083333,MEDIUM,No independently verified 2026 role report; prior-season evidence only.,2025 retrospective all-rusher shares i20/i10/i5=0.41/0.44/0.50; top i5 teammate Kyle Monangai (RB) 0.43; same team; current competitor continuity=yes,"RB1. No current injury flag found in the public CBS listing at retrieval. Role, offense-context, and competition scores are retained unless the availability change required a documented situation adjustment."
Quinshon Judkins,CLE,50.900000,51.1,60,75,80,RB1,0.540984,0.542857,0.500000,,0.208333,,UNKNOWN,False,0.041667,0.083333,0.000000,1.529412,PROJECTED_RELIEF,0.208333,MEDIUM,No independently verified 2026 role report; prior-season evidence only.,2025 retrospective all-rusher shares i20/i10/i5=0.54/0.54/0.50; top i5 teammate Raheim Sanders (RB) 0.17; same team; current competitor continuity=no/unknown,"RB1. Undisclosed; Questionable for Week 1 at Jacksonville; CBS updated Sat, Aug 22; NFFC Return Date 8/27/2026 is non-publication metadata. Role, offense-context, and competition scores are retained unless the availability change required a documented situation adjustment."
Bhayshul Tuten,JAX,52.900000,59,80,65,80,RB1,0.226087,0.163636,0.235294,,0.382353,,NO,False,0.323529,0.058824,1.000000,3.000000,PROJECTED_RELIEF,0.382353,MEDIUM,No independently verified 2026 role report; prior-season evidence only.,2025 retrospective all-rusher shares i20/i10/i5=0.23/0.16/0.24; top i5 teammate Travis Etienne (RB) 0.35; same team; current competitor continuity=no/unknown,"RB1. No current injury flag found in the public CBS listing at retrieval. Role, offense-context, and competition scores are retained unless the availability change required a documented situation adjustment."
David Montgomery,HOU,58.400000,51.4,72,,80,RB1,0.388889,0.510204,0.629630,0.168091,0.370370,,DET,False,0.000000,0.000000,1.000000,3.294118,SYSTEM_CHANGED,,LOW,Moved from Detroit to Houston; prior Lions shares are descriptive only and are not projected onto the new system.,2025 retrospective all-rusher shares i20/i10/i5=0.39/0.51/0.63; top i5 teammate Jahmyr Gibbs (RB) 0.37; team/system changed; current competitor continuity=no/unknown,"RB1. No current injury flag found in the public CBS listing at retrieval. Role, offense-context, and competition scores are retained unless the availability change required a documented situation adjustment."
Jaylen Warren,PIT,59.000000,67,76,,80,RB1,0.500000,0.478261,0.482759,0.328912,0.310345,,TB,False,0.068966,0.137931,1.000000,2.470588,PROJECTED_RELIEF,0.310345,MEDIUM,No independently verified 2026 role report; prior-season evidence only.,2025 retrospective all-rusher shares i20/i10/i5=0.50/0.48/0.48; top i5 teammate Kenneth Gainwell (RB) 0.31; same team; current competitor continuity=no/unknown,"RB1. No current injury flag found in the public CBS listing at retrieval. Role, offense-context, and competition scores are retained unless the availability change required a documented situation adjustment."
TreVeyon Henderson,NE,60.700000,53,72,,63,RB2,0.395604,0.375000,0.275862,,0.413793,0.413793,NE,True,0.137931,0.000000,1.000000,3.117647,NEW_ROLE,,MEDIUM,No independently verified 2026 role report; prior-season evidence only.,2025 retrospective all-rusher shares i20/i10/i5=0.40/0.38/0.28; top i5 teammate Rhamondre Stevenson (RB) 0.41; same team; current competitor continuity=yes,"RB2. No current injury flag found in the public CBS listing at retrieval. Role, offense-context, and competition scores are retained unless the availability change required a documented situation adjustment."
Tony Pollard,TEN,68.400000,77,70,,80,RB1,0.452381,0.461538,0.363636,-0.181818,0.272727,,UNKNOWN,False,0.090909,0.181818,0.000000,1.411765,PROJECTED_RELIEF,0.272727,MEDIUM,No independently verified 2026 role report; prior-season evidence only.,2025 retrospective all-rusher shares i20/i10/i5=0.45/0.46/0.36; top i5 teammate Julius Chestnut (RB) 0.18; same team; current competitor continuity=no/unknown,"RB1. No current injury flag found in the public CBS listing at retrieval. Role, offense-context, and competition scores are retained unless the availability change required a documented situation adjustment."
Rhamondre Stevenson,NE,68.900000,79,82,,80,RB1,0.296703,0.303571,0.413793,-0.217786,0.275862,0.275862,NE,True,0.137931,0.000000,1.000000,3.117647,DECLINING,-0.217786,MEDIUM,No independently verified 2026 role report; prior-season evidence only.,2025 retrospective all-rusher shares i20/i10/i5=0.30/0.30/0.41; top i5 teammate TreVeyon Henderson (RB) 0.28; same team; current competitor continuity=yes,"RB1. No current injury flag found in the public CBS listing at retrieval. Role, offense-context, and competition scores are retained unless the availability change required a documented situation adjustment."
Rico Dowdle,PIT,74.900000,82,65,,63,RB2,0.514706,0.466667,0.642857,0.309524,0.142857,,CAR,False,0.142857,0.000000,0.000000,1.941176,SYSTEM_CHANGED,,LOW,No independently verified 2026 role report; prior-season evidence only.,2025 retrospective all-rusher shares i20/i10/i5=0.51/0.47/0.64; top i5 teammate Bryce Young (QB) 0.14; team/system changed; current competitor continuity=no/unknown,"RB2. No current injury flag found in the public CBS listing at retrieval. Role, offense-context, and competition scores are retained unless the availability change required a documented situation adjustment."
Chuba Hubbard,CAR,78.500000,77.8,72,,80,RB1,0.279412,0.266667,0.142857,-0.615764,0.642857,,PIT,False,0.142857,0.000000,1.000000,1.941176,PROJECTED_RELIEF,0.642857,MEDIUM,No independently verified 2026 role report; prior-season evidence only.,2025 retrospective all-rusher shares i20/i10/i5=0.28/0.27/0.14; top i5 teammate Rico Dowdle (RB) 0.64; same team; current competitor continuity=no/unknown,"RB1. Hamstring; Questionable for Week 1 vs. Chicago; CBS updated Thu, Aug 13; NFFC Return Date 9/13/2026 is non-publication metadata. Role, offense-context, and competition scores are retained unless the availability change required a documented situation adjustment."
Jadarian Price,SEA,79.100000,69.7,75,,72,RB2_PUP_STARTER_PATH,,,,,,,UNKNOWN,False,,,,,SYSTEM_CHANGED,,LOW,No independently verified 2026 role report; prior-season evidence only.,No 2025 NFL rushing-role evidence,"RB2_PUP_STARTER_PATH. No current injury flag found in the public CBS listing at retrieval. Role, offense-context, and competition scores are retained unless the availability change required a documented situation adjustment."
RJ Harvey,DEN,86.000000,79.9,76,,63,RB2,0.391892,0.416667,0.476190,,0.333333,0.333333,DEN,True,0.047619,0.000000,1.000000,2.529412,NEW_ROLE,,MEDIUM,No independently verified 2026 role report; prior-season evidence only.,2025 retrospective all-rusher shares i20/i10/i5=0.39/0.42/0.48; top i5 teammate J.K. Dobbins (RB) 0.33; same team; current competitor continuity=yes,"RB2. No current injury flag found in the public CBS listing at retrieval. Role, offense-context, and competition scores are retained unless the availability change required a documented situation adjustment."
Kenny Gainwell,,91.000000,,,,,,,,,,,,UNKNOWN,False,,,,,SYSTEM_CHANGED,,LOW,No independently verified 2026 role report; prior-season evidence only.,No 2025 NFL rushing-role evidence,
J.K. Dobbins,DEN,91.500000,92.6,87,,80,RB1,0.270270,0.305556,0.333333,0.011905,0.476190,0.476190,DEN,True,0.047619,0.000000,1.000000,2.529412,STABLE,0.011905,MEDIUM,No independently verified 2026 role report; prior-season evidence only.,2025 retrospective all-rusher shares i20/i10/i5=0.27/0.31/0.33; top i5 teammate RJ Harvey (RB) 0.48; same team; current competitor continuity=yes,"RB1. No current injury flag found in the public CBS listing at retrieval. Role, offense-context, and competition scores are retained unless the availability change required a documented situation adjustment."
Aaron Jones Sr.,MIN,101.600000,111.9,78,,80,RB1,0.241379,0.250000,0.200000,-0.450000,0.466667,0.466667,MIN,True,0.066667,0.000000,1.000000,1.941176,DECLINING,-0.450000,LOW_MEDIUM,No independently verified 2026 role report; prior-season evidence only.,2025 retrospective all-rusher shares i20/i10/i5=0.24/0.25/0.20; top i5 teammate Jordan Mason (RB) 0.47; same team; current competitor continuity=yes,"RB1. No current injury flag found in the public CBS listing at retrieval. Role, offense-context, and competition scores are retained unless the availability change required a documented situation adjustment."
Jonathon Brooks,CAR,101.800000,104.1,67,,63,RB2,,,,,,,UNKNOWN,False,,,,,SYSTEM_CHANGED,,LOW,No independently verified 2026 role report; prior-season evidence only.,No 2025 NFL rushing-role evidence,"RB2. No current injury flag found in the public CBS listing at retrieval. Role, offense-context, and competition scores are retained unless the availability change required a documented situation adjustment."
Rachaad White,WAS,109.100000,118.45,61,,63,RB2,0.287879,0.312500,0.409091,0.101399,0.500000,,TB,False,0.045455,0.045455,1.000000,2.294118,SYSTEM_CHANGED,,LOW,No independently verified 2026 role report; prior-season evidence only.,2025 retrospective all-rusher shares i20/i10/i5=0.29/0.31/0.41; top i5 teammate Sean Tucker (RB) 0.50; team/system changed; current competitor continuity=no/unknown,"RB2. Hamstring; Questionable for Week 1 at Philadelphia; CBS updated Wed, Aug 19; NFFC Return Date 8/28/2026 is non-publication metadata. Role, offense-context, and competition scores are retained unless the availability change required a documented situation adjustment."
Kyle Monangai,CHI,110.800000,96,65,65,63,RB2,0.387755,0.388889,0.428571,,0.500000,0.500000,CHI,True,0.071429,0.000000,1.000000,2.764706,NEW_ROLE,,MEDIUM,No independently verified 2026 role report; prior-season evidence only.,2025 retrospective all-rusher shares i20/i10/i5=0.39/0.39/0.43; top i5 teammate D'Andre Swift (RB) 0.50; same team; current competitor continuity=yes,"RB2. Knee; Questionable for Week 1 at Carolina; CBS updated Mon, Aug 17; NFFC Return Date 9/13/2026 is non-publication metadata. Role, offense-context, and competition scores are retained unless the availability change required a documented situation adjustment."
Jacory Croskey-Merritt,WAS,117.300000,115,73,,80,RB1,0.340426,0.375000,0.351351,,0.378378,,JAX,False,0.189189,0.027027,1.000000,2.294118,PROJECTED_RELIEF,0.378378,MEDIUM,No independently verified 2026 role report; prior-season evidence only.,2025 retrospective all-rusher shares i20/i10/i5=0.34/0.38/0.35; top i5 teammate Chris Rodriguez Jr. (RB) 0.38; same team; current competitor continuity=no/unknown,"RB1. Undisclosed; Questionable for Week 1 at Philadelphia; CBS updated Sat, Aug 22; NFFC Return Date 8/28/2026 is non-publication metadata. Role, offense-context, and competition scores are retained unless the availability change required a documented situation adjustment."
Jordan Mason,MIN,119.300000,119.4,68,,63,RB2,0.500000,0.375000,0.466667,0.156322,0.200000,0.200000,MIN,True,0.066667,0.000000,1.000000,1.941176,RISING,0.156322,MEDIUM,No independently verified 2026 role report; prior-season evidence only.,2025 retrospective all-rusher shares i20/i10/i5=0.50/0.38/0.47; top i5 teammate Aaron Jones (RB) 0.20; same team; current competitor continuity=yes,"RB2. No current injury flag found in the public CBS listing at retrieval. Role, offense-context, and competition scores are retained unless the availability change required a documented situation adjustment."
Blake Corum,LAR,120.200000,103.5,77,,63,RB2,0.313953,0.313725,0.406250,0.227679,0.562500,0.562500,LAR,True,0.031250,0.000000,1.000000,3.705882,RISING,0.227679,MEDIUM,No independently verified 2026 role report; prior-season evidence only.,2025 retrospective all-rusher shares i20/i10/i5=0.31/0.31/0.41; top i5 teammate Kyren Williams (RB) 0.56; same team; current competitor continuity=yes,"RB2. No current injury flag found in the public CBS listing at retrieval. Role, offense-context, and competition scores are retained unless the availability change required a documented situation adjustment."
Tyjae Spears,TEN,131.500000,149.3,59,,63,RB2,0.238095,0.192308,0.181818,-0.181818,0.363636,0.363636,TEN,True,0.090909,0.181818,1.000000,1.411765,DECLINING,-0.181818,LOW_MEDIUM,No independently verified 2026 role report; prior-season evidence only.,2025 retrospective all-rusher shares i20/i10/i5=0.24/0.19/0.18; top i5 teammate Tony Pollard (RB) 0.36; same team; current competitor continuity=yes,"RB2. No current injury flag found in the public CBS listing at retrieval. Role, offense-context, and competition scores are retained unless the availability change required a documented situation adjustment."
Zach Charbonnet,SEA,135.700000,138.75,73,,80,RB1,0.541667,0.695652,0.678571,0.214286,0.285714,,KC,False,0.000000,0.035714,1.000000,2.588235,PROJECTED_RELIEF,0.285714,MEDIUM,No independently verified 2026 role report; prior-season evidence only.,2025 retrospective all-rusher shares i20/i10/i5=0.54/0.70/0.68; top i5 teammate Kenneth Walker III (RB) 0.29; same team; current competitor continuity=no/unknown,"RB1. Knee - ACL; Physically Unable to Perform. Expected Return - Week 1; CBS updated Thu, Jul 23; NFFC Return Date 9/9/2026 is non-publication metadata. Role, offense-context, and competition scores are retained unless the availability change required a documented situation adjustment."
Woody Marks,HOU,142.900000,155.65,61,,63,RB2,0.434211,0.416667,0.360000,,0.240000,,UNKNOWN,False,0.160000,0.000000,1.000000,1.941176,PROJECTED_RELIEF,0.240000,MEDIUM,No independently verified 2026 role report; prior-season evidence only.,2025 retrospective all-rusher shares i20/i10/i5=0.43/0.42/0.36; top i5 teammate Nick Chubb (RB) 0.24; same team; current competitor continuity=no/unknown,"RB2. No current injury flag found in the public CBS listing at retrieval. Role, offense-context, and competition scores are retained unless the availability change required a documented situation adjustment."
Alvin Kamara,NO,143.100000,151.5,58,,63,RB2,0.234375,0.187500,0.125000,-0.522059,0.562500,0.562500,NO,True,0.562500,0.000000,1.000000,1.647059,DECLINING,-0.522059,LOW_MEDIUM,No independently verified 2026 role report; prior-season evidence only.,2025 retrospective all-rusher shares i20/i10/i5=0.23/0.19/0.12; top i5 teammate Tyler Shough (QB) 0.31; same team; current competitor continuity=yes,"RB2. Knee - MCL; Questionable for Week 1 at Detroit; CBS updated Wed, Aug 19; NFFC Return Date 9/13/2026 is non-publication metadata. Role, offense-context, and competition scores are retained unless the availability change required a documented situation adjustment."
Jordan James,SF,144.200000,144.2,53,,30,RB_RESERVE,,,,,,,UNKNOWN,False,,,,,SYSTEM_CHANGED,,LOW,No independently verified 2026 role report; prior-season evidence only.,No 2025 NFL rushing-role evidence,"RB_RESERVE. Ribs; Questionable for Week 1 at L.A. Rams; CBS updated Fri, Aug 21; NFFC Return Date 8/27/2026 is non-publication metadata. Role, offense-context, and competition scores are retained unless the availability change required a documented situation adjustment."
Emari Demercado,,144.400000,,,,,,0.096154,0.111111,0.000000,0.000000,0.400000,,UNKNOWN,False,0.200000,0.050000,1.000000,2.235294,SYSTEM_CHANGED,,LOW,No independently verified 2026 role report; prior-season evidence only.,2025 retrospective all-rusher shares i20/i10/i5=0.10/0.11/0.00; top i5 teammate Bam Knight (RB) 0.40; team/system changed; current competitor continuity=no/unknown,
Tyrone Tracy Jr.,NYG,151.100000,156,66,,63,RB2,0.214286,0.115385,0.064516,-0.213262,0.322581,0.322581,NYG,True,0.290323,0.000000,1.000000,2.529412,DECLINING,-0.213262,LOW_MEDIUM,No independently verified 2026 role report; prior-season evidence only.,2025 retrospective all-rusher shares i20/i10/i5=0.21/0.12/0.06; top i5 teammate Devin Singletary (RB) 0.32; same team; current competitor continuity=yes,"RB2. No current injury flag found in the public CBS listing at retrieval. Role, offense-context, and competition scores are retained unless the availability change required a documented situation adjustment."
Tyler Allgeier,ARI,154.800000,150.6,61,,63,RB2,0.444444,0.463415,0.416667,0.157407,0.458333,,ATL,False,0.125000,0.000000,1.000000,2.117647,SYSTEM_CHANGED,,LOW,No independently verified 2026 role report; prior-season evidence only.,2025 retrospective all-rusher shares i20/i10/i5=0.44/0.46/0.42; top i5 teammate Bijan Robinson (RB) 0.46; team/system changed; current competitor continuity=no/unknown,"RB2. No current injury flag found in the public CBS listing at retrieval. Role, offense-context, and competition scores are retained unless the availability change required a documented situation adjustment."
Chris Rodriguez Jr.,JAX,155.700000,150.6,69,,63,RB2,0.351064,0.392857,0.378378,0.317772,0.351351,,WAS,False,0.189189,0.027027,1.000000,2.294118,SYSTEM_CHANGED,,LOW,No independently verified 2026 role report; prior-season evidence only.,2025 retrospective all-rusher shares i20/i10/i5=0.35/0.39/0.38; top i5 teammate Jacory Croskey-Merritt (RB) 0.35; team/system changed; current competitor continuity=no/unknown,"RB2. No current injury flag found in the public CBS listing at retrieval. Role, offense-context, and competition scores are retained unless the availability change required a documented situation adjustment."
Isiah Pacheco,DET,155.900000,171.4,62,,63,RB2,0.227273,0.166667,0.000000,-0.107143,0.714286,,KC,False,0.095238,0.142857,1.000000,2.235294,SYSTEM_CHANGED,,LOW,No independently verified 2026 role report; prior-season evidence only.,2025 retrospective all-rusher shares i20/i10/i5=0.23/0.17/0.00; top i5 teammate Kareem Hunt (RB) 0.71; team/system changed; current competitor continuity=no/unknown,"RB2. Knee - MCL; Questionable for Week 1 vs. New Orleans; CBS updated Mon, Aug 10; NFFC Return Date 9/13/2026 is non-publication metadata. Role, offense-context, and competition scores are retained unless the availability change required a documented situation adjustment."
Jonah Coleman,DEN,156.800000,162.1,67,,42,RB3,,,,,,,UNKNOWN,False,,,,,SYSTEM_CHANGED,,LOW,No independently verified 2026 role report; prior-season evidence only.,No 2025 NFL rushing-role evidence,"RB3. No current injury flag found in the public CBS listing at retrieval. Role, offense-context, and competition scores are retained unless the availability change required a documented situation adjustment."
Dylan Sampson,CLE,157.100000,172.7,57,,63,RB2,0.114754,0.028571,0.000000,,0.500000,0.500000,CLE,True,0.041667,0.083333,1.000000,1.529412,NEW_ROLE,,LOW,No independently verified 2026 role report; prior-season evidence only.,2025 retrospective all-rusher shares i20/i10/i5=0.11/0.03/0.00; top i5 teammate Quinshon Judkins (RB) 0.50; same team; current competitor continuity=yes,"RB2. No current injury flag found in the public CBS listing at retrieval. Role, offense-context, and competition scores are retained unless the availability change required a documented situation adjustment."
Braelon Allen,NYJ,157.300000,184.25,64,,63,RB2,0.111111,0.142857,0.083333,-0.070513,0.416667,,UNKNOWN,False,0.416667,0.000000,1.000000,1.529412,PROJECTED_RELIEF,0.416667,LOW_MEDIUM,No independently verified 2026 role report; prior-season evidence only.,2025 retrospective all-rusher shares i20/i10/i5=0.11/0.14/0.08; top i5 teammate Justin Fields (QB) 0.42; same team; current competitor continuity=no/unknown,"RB2. No current injury flag found in the public CBS listing at retrieval. Role, offense-context, and competition scores are retained unless the availability change required a documented situation adjustment."
Mike Washington Jr.,LV,157.300000,179.4,63,,63,RB2,,,,,,,UNKNOWN,False,,,,,SYSTEM_CHANGED,,LOW,No independently verified 2026 role report; prior-season evidence only.,No 2025 NFL rushing-role evidence,"RB2. No current injury flag found in the public CBS listing at retrieval. Role, offense-context, and competition scores are retained unless the availability change required a documented situation adjustment."
MarShawn Lloyd,GB,157.800000,180.75,65,,63,RB2,,,,,,,UNKNOWN,False,,,,,SYSTEM_CHANGED,,LOW,No independently verified 2026 role report; prior-season evidence only.,No 2025 NFL rushing-role evidence,"RB2. No current injury flag found in the public CBS listing at retrieval. Role, offense-context, and competition scores are retained unless the availability change required a documented situation adjustment."
Ray Davis,BUF,158.300000,196.6,78,,63,RB2,0.063063,0.047619,0.046512,-0.047238,0.418605,0.418605,BUF,True,0.395349,0.000000,1.000000,3.470588,STABLE,-0.047238,LOW,No independently verified 2026 role report; prior-season evidence only.,2025 retrospective all-rusher shares i20/i10/i5=0.06/0.05/0.05; top i5 teammate Josh Allen (QB) 0.40; same team; current competitor continuity=yes,"RB2. No current injury flag found in the public CBS listing at retrieval. Role, offense-context, and competition scores are retained unless the availability change required a documented situation adjustment."
Tank Bigsby,PHI,158.700000,170.55,76,,63,RB2,0.188889,0.183673,0.181818,-0.318182,0.454545,0.454545,PHI,True,0.363636,0.000000,1.000000,2.529412,DECLINING,-0.318182,MEDIUM,No independently verified 2026 role report; prior-season evidence only.,2025 retrospective all-rusher shares i20/i10/i5=0.19/0.18/0.18; top i5 teammate Saquon Barkley (RB) 0.45; same team; current competitor continuity=yes,"RB2. No current injury flag found in the public CBS listing at retrieval. Role, offense-context, and competition scores are retained unless the availability change required a documented situation adjustment."
Kaelon Black,SF,160.000000,156.8,75,,63,RB2,,,,,,,UNKNOWN,False,,,,,SYSTEM_CHANGED,,LOW,No independently verified 2026 role report; prior-season evidence only.,No 2025 NFL rushing-role evidence,"RB2. No current injury flag found in the public CBS listing at retrieval. Role, offense-context, and competition scores are retained unless the availability change required a documented situation adjustment."
James Conner,ARI,160.300000,187.75,37,,30,RB_RESERVE_INJURED,0.096154,0.083333,0.150000,-0.502174,0.400000,,UNKNOWN,False,0.200000,0.050000,1.000000,2.235294,PROJECTED_RELIEF,0.400000,LOW,No independently verified 2026 role report; prior-season evidence only.,2025 retrospective all-rusher shares i20/i10/i5=0.10/0.08/0.15; top i5 teammate Bam Knight (RB) 0.40; same team; current competitor continuity=no/unknown,"RB_RESERVE_INJURED. Foot; Questionable for Week 1 at L.A. Chargers; CBS updated Fri, Aug 14; NFFC Return Date 8/22/2026 is non-publication metadata. Role, offense-context, and competition scores are retained unless the availability change required a documented situation adjustment."
Keaton Mitchell,LAC,160.500000,170.9,75,,63,RB2,0.132075,0.038462,0.000000,0.000000,0.843750,,BAL,False,0.031250,0.093750,1.000000,2.705882,SYSTEM_CHANGED,,LOW,No independently verified 2026 role report; prior-season evidence only.,2025 retrospective all-rusher shares i20/i10/i5=0.13/0.04/0.00; top i5 teammate Derrick Henry (RB) 0.84; team/system changed; current competitor continuity=no/unknown,"RB2. No current injury flag found in the public CBS listing at retrieval. Role, offense-context, and competition scores are retained unless the availability change required a documented situation adjustment."
Brian Robinson,ATL,162.400000,153.65,67,,63,RB2,0.131313,0.086957,0.076923,-0.317016,0.769231,,SF,False,0.115385,0.000000,1.000000,2.823529,SYSTEM_CHANGED,,LOW,No independently verified 2026 role report; prior-season evidence only.,2025 retrospective all-rusher shares i20/i10/i5=0.13/0.09/0.08; top i5 teammate Christian McCaffrey (RB) 0.77; team/system changed; current competitor continuity=no/unknown,"RB2. No current injury flag found in the public CBS listing at retrieval. Role, offense-context, and competition scores are retained unless the availability change required a documented situation adjustment."
Emmett Johnson,KC,163.300000,178.7,61,,45,RB3,,,,,,,UNKNOWN,False,,,,,SYSTEM_CHANGED,,LOW,No independently verified 2026 role report; prior-season evidence only.,No 2025 NFL rushing-role evidence,"RB3. No current injury flag found in the public CBS listing at retrieval. Role, offense-context, and competition scores are retained unless the availability change required a documented situation adjustment."
Najee Harris,,163.600000,,,,,,0.013514,0.000000,0.000000,-0.461538,0.380952,,LAC,False,0.190476,0.000000,1.000000,2.117647,SYSTEM_CHANGED,,LOW,No independently verified 2026 role report; prior-season evidence only.,2025 retrospective all-rusher shares i20/i10/i5=0.01/0.00/0.00; top i5 teammate Omarion Hampton (RB) 0.38; team/system changed; current competitor continuity=no/unknown,
Jaydon Blue,DAL,168.700000,200,65,,63,RB2,0.081395,0.044444,0.033333,,0.666667,0.666667,DAL,True,0.166667,0.000000,1.000000,2.882353,NEW_ROLE,,LOW,No independently verified 2026 role report; prior-season evidence only.,2025 retrospective all-rusher shares i20/i10/i5=0.08/0.04/0.03; top i5 teammate Javonte Williams (RB) 0.67; same team; current competitor continuity=yes,"RB2. Shoulder; Questionable for Week 1 at N.Y. Giants; CBS updated Tue, Aug 18; NFFC Return Date 8/22/2026 is non-publication metadata. Role, offense-context, and competition scores are retained unless the availability change required a documented situation adjustment."
Justice Hill,BAL,168.800000,167.9,69,,63,RB2,0.028302,0.019231,0.031250,-0.012228,0.843750,0.843750,BAL,True,0.031250,0.093750,1.000000,2.705882,STABLE,-0.012228,LOW,No independently verified 2026 role report; prior-season evidence only.,2025 retrospective all-rusher shares i20/i10/i5=0.03/0.02/0.03; top i5 teammate Derrick Henry (RB) 0.84; same team; current competitor continuity=yes,"RB2. No current injury flag found in the public CBS listing at retrieval. Role, offense-context, and competition scores are retained unless the availability change required a documented situation adjustment."
Samaje Perine,CIN,169.000000,200.85,66,,63,RB2,0.271186,0.258065,0.200000,0.164286,0.650000,0.650000,CIN,True,0.150000,0.000000,1.000000,2.764706,RISING,0.164286,MEDIUM,No independently verified 2026 role report; prior-season evidence only.,2025 retrospective all-rusher shares i20/i10/i5=0.27/0.26/0.20; top i5 teammate Chase Brown (RB) 0.65; same team; current competitor continuity=yes,"RB2. No current injury flag found in the public CBS listing at retrieval. Role, offense-context, and competition scores are retained unless the availability change required a documented situation adjustment."
Ty Johnson,BUF,182.400000,169.7,56,,30,RB_RESERVE,0.171171,0.174603,0.139535,0.077035,0.418605,0.418605,BUF,True,0.395349,0.000000,1.000000,3.470588,STABLE,0.077035,MEDIUM,No independently verified 2026 role report; prior-season evidence only.,2025 retrospective all-rusher shares i20/i10/i5=0.17/0.17/0.14; top i5 teammate Josh Allen (QB) 0.40; same team; current competitor continuity=yes,"RB_RESERVE. Knee; Questionable for Week 1 at Houston; CBS updated Sat, Aug 15; NFFC Return Date 8/22/2026 is non-publication metadata. Role, offense-context, and competition scores are retained unless the availability change required a documented situation adjustment."
